name,size,duration,duration(s),speed,size_per_sec
md5_compute,1,638ns,0.000000638,1.49MB/s,1567398.119122257
Blake2b512,1,2.204µs,0.000002204,443.09KB/s,453720.5081669692
Blake2s256,1,1.309µs,0.000001309,746.04KB/s,763941.9404125287
Sha1,1,906ns,0.000000906,1.05MB/s,1103752.7593818984
Keccak224,1,1.802µs,0.000001802,541.93KB/s,554938.9567147613
Keccak256,1,1.799µs,0.000001799,542.84KB/s,555864.3690939411
Keccak384,1,1.999µs,0.000001999,488.53KB/s,500250.12506253127
Keccak512,1,2.231µs,0.000002231,437.72KB/s,448229.49350067234
Keccak256Full,1,3.975µs,0.000003975,245.68KB/s,251572.32704402515
Sha3_224,1,1.786µs,0.000001786,546.79KB/s,559910.4143337066
Sha3_256,1,1.798µs,0.000001798,543.14KB/s,556173.5261401557
Sha3_384,1,2.01µs,0.00000201,485.85KB/s,497512.43781094527
Sha3_512,1,2.152µs,0.000002152,453.79KB/s,464684.0148698885
Sha224,1,1.621µs,0.000001621,602.44KB/s,616903.1462060456
Sha256,1,1.344µs,0.000001344,726.61KB/s,744047.619047619
Sha384,1,1.784µs,0.000001784,547.40KB/s,560538.1165919283
Sha512,1,1.838µs,0.000001838,531.32KB/s,544069.640914037
Sha512_224,1,1.39µs,0.00000139,702.56KB/s,719424.4604316547
Sha512_256,1,1.389µs,0.000001389,703.07KB/s,719942.4046076314
sm3,1,1.955µs,0.000001955,499.52KB/s,511508.9514066496
crc<u16>,1,562ns,0.000000562,1.70MB/s,1779359.4306049822
crc<u32>,1,842ns,0.000000842,1.13MB/s,1187648.4560570072
crc<u64>,1,1.823µs,0.000001823,535.69KB/s,548546.352166758
crc16,1,173ns,0.000000173,5.51MB/s,5780346.820809249
crc32fast,1,226ns,0.000000226,4.22MB/s,4424778.761061947
crc64,1,202ns,0.000000202,4.72MB/s,4950495.049504951
sha256,1,1.382µs,0.000001382,706.63KB/s,723589.001447178
twox_hash::XxHash32,1,203ns,0.000000203,4.70MB/s,4926108.3743842365
twox_hash::XxHash64,1,159ns,0.000000159,6.00MB/s,6289308.176100629
twox_hash::XxHash3_64,1,351ns,0.000000351,2.72MB/s,2849002.849002849
twox_hash::XxHash3_128,1,481ns,0.000000481,1.98MB/s,2079002.079002079
seahash,1,211ns,0.000000211,4.52MB/s,4739336.492890995
xxhash::xxh32,1,189ns,0.000000189,5.05MB/s,5291005.291005291
xxhash::xxh64,1,196ns,0.000000196,4.87MB/s,5102040.816326531
xxhash::xxh3_64_with_seed,1,217ns,0.000000217,4.39MB/s,4608294.930875576
xxhash::xxh3_128_with_seed,1,253ns,0.000000253,3.77MB/s,3952569.169960474
xxhash::const_xxh32,1,186ns,0.000000186,5.13MB/s,5376344.086021505
xxhash::const_xxh64,1,210ns,0.00000021,4.54MB/s,4761904.761904762
xxhash::const_xxh3_64_with_seed,1,352ns,0.000000352,2.71MB/s,2840909.090909091
xxhash::const_xxh3_128_with_seed,1,303ns,0.000000303,3.15MB/s,3300330.0330033004
murmur3_32,1,237ns,0.000000237,4.02MB/s,4219409.282700422
murmur3_x64_128,1,306ns,0.000000306,3.12MB/s,3267973.8562091505
murmur3_x86_128,1,284ns,0.000000284,3.36MB/s,3521126.76056338
murmur3_32_of_slice,1,148ns,0.000000148,6.44MB/s,6756756.756756756
murmur3_x64_128_of_slice,1,253ns,0.000000253,3.77MB/s,3952569.169960474
murmur3_x86_128_of_slice,1,223ns,0.000000223,4.28MB/s,4484304.932735426
fastmurmur3_x64_128,1,149ns,0.000000149,6.40MB/s,6711409.395973154
md5_compute,2,564ns,0.000000564,3.38MB/s,3546099.290780142
Blake2b512,2,2.169µs,0.000002169,900.47KB/s,922083.9096357769
Blake2s256,2,1.322µs,0.000001322,1.44MB/s,1512859.30408472
Sha1,2,968ns,0.000000968,1.97MB/s,2066115.7024793387
Keccak224,2,1.902µs,0.000001902,1.00MB/s,1051524.7108307045
Keccak256,2,1.961µs,0.000001961,995.98KB/s,1019887.8123406426
Keccak384,2,2.054µs,0.000002054,950.89KB/s,973709.8344693282
Keccak512,2,2.28µs,0.00000228,856.63KB/s,877192.9824561403
Keccak256Full,2,3.909µs,0.000003909,499.65KB/s,511639.8055768739
Sha3_224,2,1.807µs,0.000001807,1.06MB/s,1106806.8622025456
Sha3_256,2,1.849µs,0.000001849,1.03MB/s,1081665.765278529
Sha3_384,2,2.052µs,0.000002052,951.82KB/s,974658.8693957115
Sha3_512,2,2.22µs,0.00000222,879.79KB/s,900900.900900901
Sha224,2,1.781µs,0.000001781,1.07MB/s,1122964.6266142617
Sha256,2,1.338µs,0.000001338,1.43MB/s,1494768.3109118086
Sha384,2,10.36µs,0.00001036,188.53KB/s,193050.19305019305
Sha512,2,1.919µs,0.000001919,1017.78KB/s,1042209.4841063054
Sha512_224,2,1.403µs,0.000001403,1.36MB/s,1425516.7498218105
Sha512_256,2,1.454µs,0.000001454,1.31MB/s,1375515.818431912
sm3,2,1.9µs,0.0000019,1.00MB/s,1052631.5789473683
crc<u16>,2,605ns,0.000000605,3.15MB/s,3305785.123966942
crc<u32>,2,849ns,0.000000849,2.25MB/s,2355712.603062426
crc<u64>,2,1.866µs,0.000001866,1.02MB/s,1071811.3612004288
crc16,2,415ns,0.000000415,4.60MB/s,4819277.108433735
crc32fast,2,215ns,0.000000215,8.87MB/s,9302325.581395349
crc64,2,194ns,0.000000194,9.83MB/s,10309278.350515464
sha256,2,1.542µs,0.000001542,1.24MB/s,1297016.8612191959
twox_hash::XxHash32,2,164ns,0.000000164,11.63MB/s,12195121.951219512
twox_hash::XxHash64,2,176ns,0.000000176,10.84MB/s,11363636.363636363
twox_hash::XxHash3_64,2,276ns,0.000000276,6.91MB/s,7246376.811594203
twox_hash::XxHash3_128,2,210ns,0.00000021,9.08MB/s,9523809.523809524
seahash,2,233ns,0.000000233,8.19MB/s,8583690.987124464
xxhash::xxh32,2,183ns,0.000000183,10.42MB/s,10928961.74863388
xxhash::xxh64,2,211ns,0.000000211,9.04MB/s,9478672.98578199
xxhash::xxh3_64_with_seed,2,131ns,0.000000131,14.56MB/s,15267175.572519084
xxhash::xxh3_128_with_seed,2,196ns,0.000000196,9.73MB/s,10204081.632653061
xxhash::const_xxh32,2,212ns,0.000000212,9.00MB/s,9433962.264150944
xxhash::const_xxh64,2,207ns,0.000000207,9.21MB/s,9661835.74879227
xxhash::const_xxh3_64_with_seed,2,197ns,0.000000197,9.68MB/s,10152284.263959391
xxhash::const_xxh3_128_with_seed,2,193ns,0.000000193,9.88MB/s,10362694.300518135
murmur3_32,2,284ns,0.000000284,6.72MB/s,7042253.52112676
murmur3_x64_128,2,335ns,0.000000335,5.69MB/s,5970149.253731343
murmur3_x86_128,2,277ns,0.000000277,6.89MB/s,7220216.606498195
murmur3_32_of_slice,2,137ns,0.000000137,13.92MB/s,14598540.145985402
murmur3_x64_128_of_slice,2,212ns,0.000000212,9.00MB/s,9433962.264150944
murmur3_x86_128_of_slice,2,212ns,0.000000212,9.00MB/s,9433962.264150944
fastmurmur3_x64_128,2,196ns,0.000000196,9.73MB/s,10204081.632653061
md5_compute,4,581ns,0.000000581,6.57MB/s,6884681.583476764
Blake2b512,4,2.104µs,0.000002104,1.81MB/s,1901140.6844106463
Blake2s256,4,1.228µs,0.000001228,3.11MB/s,3257328.990228013
Sha1,4,959ns,0.000000959,3.98MB/s,4171011.470281543
Keccak224,4,1.92µs,0.00000192,1.99MB/s,2083333.3333333333
Keccak256,4,1.68µs,0.00000168,2.27MB/s,2380952.380952381
Keccak384,4,1.536µs,0.000001536,2.48MB/s,2604166.6666666665
Keccak512,4,1.797µs,0.000001797,2.12MB/s,2225932.109070673
Keccak256Full,4,3.393µs,0.000003393,1.12MB/s,1178897.7306218685
Sha3_224,4,1.646µs,0.000001646,2.32MB/s,2430133.6573511544
Sha3_256,4,1.572µs,0.000001572,2.43MB/s,2544529.262086514
Sha3_384,4,1.834µs,0.000001834,2.08MB/s,2181025.0817884407
Sha3_512,4,2.02µs,0.00000202,1.89MB/s,1980198.0198019801
Sha224,4,1.704µs,0.000001704,2.24MB/s,2347417.840375587
Sha256,4,1.339µs,0.000001339,2.85MB/s,2987303.9581777444
Sha384,4,1.719µs,0.000001719,2.22MB/s,2326934.264107039
Sha512,4,1.87µs,0.00000187,2.04MB/s,2139037.4331550803
Sha512_224,4,1.425µs,0.000001425,2.68MB/s,2807017.543859649
Sha512_256,4,1.523µs,0.000001523,2.50MB/s,2626395.2724885093
sm3,4,1.797µs,0.000001797,2.12MB/s,2225932.109070673
crc<u16>,4,605ns,0.000000605,6.31MB/s,6611570.247933884
crc<u32>,4,838ns,0.000000838,4.55MB/s,4773269.68973747
crc<u64>,4,1.825µs,0.000001825,2.09MB/s,2191780.821917808
crc16,4,215ns,0.000000215,17.74MB/s,18604651.162790697
crc32fast,4,265ns,0.000000265,14.40MB/s,15094339.62264151
crc64,4,230ns,0.00000023,16.59MB/s,17391304.347826086
sha256,4,1.31µs,0.00000131,2.91MB/s,3053435.1145038167
twox_hash::XxHash32,4,158ns,0.000000158,24.14MB/s,25316455.69620253
twox_hash::XxHash64,4,185ns,0.000000185,20.62MB/s,21621621.62162162
twox_hash::XxHash3_64,4,229ns,0.000000229,16.66MB/s,17467248.908296943
twox_hash::XxHash3_128,4,200ns,0.0000002,19.07MB/s,20000000
seahash,4,203ns,0.000000203,18.79MB/s,19704433.497536946
xxhash::xxh32,4,172ns,0.000000172,22.18MB/s,23255813.953488372
xxhash::xxh64,4,185ns,0.000000185,20.62MB/s,21621621.62162162
xxhash::xxh3_64_with_seed,4,134ns,0.000000134,28.47MB/s,29850746.268656716
xxhash::xxh3_128_with_seed,4,166ns,0.000000166,22.98MB/s,24096385.542168673
xxhash::const_xxh32,4,215ns,0.000000215,17.74MB/s,18604651.162790697
xxhash::const_xxh64,4,198ns,0.000000198,19.27MB/s,20202020.2020202
xxhash::const_xxh3_64_with_seed,4,180ns,0.00000018,21.19MB/s,22222222.222222224
xxhash::const_xxh3_128_with_seed,4,185ns,0.000000185,20.62MB/s,21621621.62162162
murmur3_32,4,216ns,0.000000216,17.66MB/s,18518518.51851852
murmur3_x64_128,4,337ns,0.000000337,11.32MB/s,11869436.201780416
murmur3_x86_128,4,249ns,0.000000249,15.32MB/s,16064257.02811245
murmur3_32_of_slice,4,167ns,0.000000167,22.84MB/s,23952095.808383234
murmur3_x64_128_of_slice,4,178ns,0.000000178,21.43MB/s,22471910.11235955
murmur3_x86_128_of_slice,4,223ns,0.000000223,17.11MB/s,17937219.730941705
fastmurmur3_x64_128,4,140ns,0.00000014,27.25MB/s,28571428.57142857
md5_compute,8,609ns,0.000000609,12.53MB/s,13136288.998357965
Blake2b512,8,2.036µs,0.000002036,3.75MB/s,3929273.084479371
Blake2s256,8,1.352µs,0.000001352,5.64MB/s,5917159.763313609
Sha1,8,943ns,0.000000943,8.09MB/s,8483563.09650053
Keccak224,8,1.77µs,0.00000177,4.31MB/s,4519774.011299435
Keccak256,8,1.689µs,0.000001689,4.52MB/s,4736530.491415039
Keccak384,8,2.021µs,0.000002021,3.78MB/s,3958436.417615042
Keccak512,8,2.245µs,0.000002245,3.40MB/s,3563474.3875278397
Keccak256Full,8,3.954µs,0.000003954,1.93MB/s,2023267.5771370763
Sha3_224,8,1.794µs,0.000001794,4.25MB/s,4459308.807134894
Sha3_256,8,1.858µs,0.000001858,4.11MB/s,4305705.059203445
Sha3_384,8,1.985µs,0.000001985,3.84MB/s,4030226.700251889
Sha3_512,8,2.246µs,0.000002246,3.40MB/s,3561887.8005342833
Sha224,8,1.85µs,0.00000185,4.12MB/s,4324324.324324325
Sha256,8,1.323µs,0.000001323,5.77MB/s,6046863.189720333
Sha384,8,1.787µs,0.000001787,4.27MB/s,4476776.720761052
Sha512,8,8.067µs,0.000008067,968.45KB/s,991694.5580761125
Sha512_224,8,1.476µs,0.000001476,5.17MB/s,5420054.200542006
Sha512_256,8,1.492µs,0.000001492,5.11MB/s,5361930.294906166
sm3,8,1.794µs,0.000001794,4.25MB/s,4459308.807134894
crc<u16>,8,512ns,0.000000512,14.90MB/s,15625000
crc<u32>,8,779ns,0.000000779,9.79MB/s,10269576.379974326
crc<u64>,8,1.739µs,0.000001739,4.39MB/s,4600345.025876941
crc16,8,333ns,0.000000333,22.91MB/s,24024024.024024025
crc32fast,8,351ns,0.000000351,21.74MB/s,22792022.79202279
crc64,8,225ns,0.000000225,33.91MB/s,35555555.55555555
sha256,8,1.53µs,0.00000153,4.99MB/s,5228758.169934641
twox_hash::XxHash32,8,157ns,0.000000157,48.59MB/s,50955414.01273885
twox_hash::XxHash64,8,206ns,0.000000206,37.04MB/s,38834951.45631068
twox_hash::XxHash3_64,8,168ns,0.000000168,45.41MB/s,47619047.61904762
twox_hash::XxHash3_128,8,243ns,0.000000243,31.40MB/s,32921810.699588478
seahash,8,187ns,0.000000187,40.80MB/s,42780748.663101606
xxhash::xxh32,8,168ns,0.000000168,45.41MB/s,47619047.61904762
xxhash::xxh64,8,203ns,0.000000203,37.58MB/s,39408866.99507389
xxhash::xxh3_64_with_seed,8,137ns,0.000000137,55.69MB/s,58394160.58394161
xxhash::xxh3_128_with_seed,8,154ns,0.000000154,49.54MB/s,51948051.948051944
xxhash::const_xxh32,8,221ns,0.000000221,34.52MB/s,36199095.02262443
xxhash::const_xxh64,8,198ns,0.000000198,38.53MB/s,40404040.4040404
xxhash::const_xxh3_64_with_seed,8,194ns,0.000000194,39.33MB/s,41237113.40206186
xxhash::const_xxh3_128_with_seed,8,211ns,0.000000211,36.16MB/s,37914691.94312796
murmur3_32,8,321ns,0.000000321,23.77MB/s,24922118.380062304
murmur3_x64_128,8,311ns,0.000000311,24.53MB/s,25723472.66881029
murmur3_x86_128,8,295ns,0.000000295,25.86MB/s,27118644.06779661
murmur3_32_of_slice,8,161ns,0.000000161,47.39MB/s,49689440.99378882
murmur3_x64_128_of_slice,8,199ns,0.000000199,38.34MB/s,40201005.02512563
murmur3_x86_128_of_slice,8,198ns,0.000000198,38.53MB/s,40404040.4040404
fastmurmur3_x64_128,8,170ns,0.00000017,44.88MB/s,47058823.52941176
md5_compute,16,574ns,0.000000574,26.58MB/s,27874564.459930312
Blake2b512,16,2.226µs,0.000002226,6.85MB/s,7187780.772686433
Blake2s256,16,1.35µs,0.00000135,11.30MB/s,11851851.851851853
Sha1,16,942ns,0.000000942,16.20MB/s,16985138.004246283
Keccak224,16,2.019µs,0.000002019,7.56MB/s,7924715.205547301
Keccak256,16,1.901µs,0.000001901,8.03MB/s,8416622.830089428
Keccak384,16,2.048µs,0.000002048,7.45MB/s,7812500
Keccak512,16,2.245µs,0.000002245,6.80MB/s,7126948.7750556795
Keccak256Full,16,3.908µs,0.000003908,3.90MB/s,4094165.8137154556
Sha3_224,16,1.858µs,0.000001858,8.21MB/s,8611410.11840689
Sha3_256,16,1.866µs,0.000001866,8.18MB/s,8574490.88960343
Sha3_384,16,2.1µs,0.0000021,7.27MB/s,7619047.619047619
Sha3_512,16,2.29µs,0.00000229,6.66MB/s,6986899.563318777
Sha224,16,1.841µs,0.000001841,8.29MB/s,8690928.843020098
Sha256,16,1.347µs,0.000001347,11.33MB/s,11878247.958426133
Sha384,16,1.835µs,0.000001835,8.32MB/s,8719346.04904632
Sha512,16,1.853µs,0.000001853,8.23MB/s,8634646.519158121
Sha512_224,16,1.395µs,0.000001395,10.94MB/s,11469534.050179211
Sha512_256,16,1.444µs,0.000001444,10.57MB/s,11080332.409972299
sm3,16,1.835µs,0.000001835,8.32MB/s,8719346.04904632
crc<u16>,16,610ns,0.00000061,25.01MB/s,26229508.19672131
crc<u32>,16,873ns,0.000000873,17.48MB/s,18327605.956471935
crc<u64>,16,1.897µs,0.000001897,8.04MB/s,8434370.057986295
crc16,16,293ns,0.000000293,52.08MB/s,54607508.532423206
crc32fast,16,333ns,0.000000333,45.82MB/s,48048048.04804805
crc64,16,238ns,0.000000238,64.11MB/s,67226890.75630252
sha256,16,1.489µs,0.000001489,10.25MB/s,10745466.756212223
twox_hash::XxHash32,16,131ns,0.000000131,116.48MB/s,122137404.58015268
twox_hash::XxHash64,16,193ns,0.000000193,79.06MB/s,82901554.40414508
twox_hash::XxHash3_64,16,220ns,0.00000022,69.36MB/s,72727272.72727273
twox_hash::XxHash3_128,16,242ns,0.000000242,63.05MB/s,66115702.47933884
seahash,16,205ns,0.000000205,74.43MB/s,78048780.48780487
xxhash::xxh32,16,209ns,0.000000209,73.01MB/s,76555023.92344497
xxhash::xxh64,16,191ns,0.000000191,79.89MB/s,83769633.5078534
xxhash::xxh3_64_with_seed,16,138ns,0.000000138,110.57MB/s,115942028.98550725
xxhash::xxh3_128_with_seed,16,161ns,0.000000161,94.78MB/s,99378881.98757765
xxhash::const_xxh32,16,359ns,0.000000359,42.50MB/s,44568245.12534819
xxhash::const_xxh64,16,224ns,0.000000224,68.12MB/s,71428571.42857143
xxhash::const_xxh3_64_with_seed,16,161ns,0.000000161,94.78MB/s,99378881.98757765
xxhash::const_xxh3_128_with_seed,16,185ns,0.000000185,82.48MB/s,86486486.48648648
murmur3_32,16,358ns,0.000000358,42.62MB/s,44692737.4301676
murmur3_x64_128,16,260ns,0.00000026,58.69MB/s,61538461.538461536
murmur3_x86_128,16,242ns,0.000000242,63.05MB/s,66115702.47933884
murmur3_32_of_slice,16,154ns,0.000000154,99.08MB/s,103896103.89610389
murmur3_x64_128_of_slice,16,172ns,0.000000172,88.71MB/s,93023255.81395349
murmur3_x86_128_of_slice,16,260ns,0.00000026,58.69MB/s,61538461.538461536
fastmurmur3_x64_128,16,203ns,0.000000203,75.17MB/s,78817733.99014778
md5_compute,32,558ns,0.000000558,54.69MB/s,57347670.25089606
Blake2b512,32,2.096µs,0.000002096,14.56MB/s,15267175.572519084
Blake2s256,32,1.308µs,0.000001308,23.33MB/s,24464831.804281346
Sha1,32,1.015µs,0.000001015,30.07MB/s,31527093.596059114
Keccak224,32,2.005µs,0.000002005,15.22MB/s,15960099.750623442
Keccak256,32,1.825µs,0.000001825,16.72MB/s,17534246.575342465
Keccak384,32,1.951µs,0.000001951,15.64MB/s,16401845.207585853
Keccak512,32,2.178µs,0.000002178,14.01MB/s,14692378.328741966
Keccak256Full,32,3.805µs,0.000003805,8.02MB/s,8409986.859395532
Sha3_224,32,1.797µs,0.000001797,16.98MB/s,17807456.872565385
Sha3_256,32,1.901µs,0.000001901,16.05MB/s,16833245.660178855
Sha3_384,32,2.137µs,0.000002137,14.28MB/s,14974262.985493682
Sha3_512,32,2.298µs,0.000002298,13.28MB/s,13925152.306353351
Sha224,32,1.866µs,0.000001866,16.35MB/s,17148981.77920686
Sha256,32,1.402µs,0.000001402,21.77MB/s,22824536.37660485
Sha384,32,1.878µs,0.000001878,16.25MB/s,17039403.62087327
Sha512,32,1.93µs,0.00000193,15.81MB/s,16580310.880829016
Sha512_224,32,1.449µs,0.000001449,21.06MB/s,22084195.997239474
Sha512_256,32,1.529µs,0.000001529,19.96MB/s,20928711.57619359
sm3,32,1.835µs,0.000001835,16.63MB/s,17438692.09809264
crc<u16>,32,668ns,0.000000668,45.68MB/s,47904191.61676647
crc<u32>,32,931ns,0.000000931,32.78MB/s,34371643.39419979
crc<u64>,32,1.959µs,0.000001959,15.58MB/s,16334864.72690148
crc16,32,312ns,0.000000312,97.81MB/s,102564102.56410256
crc32fast,32,535ns,0.000000535,57.04MB/s,59813084.11214953
crc64,32,435ns,0.000000435,70.16MB/s,73563218.3908046
sha256,32,1.497µs,0.000001497,20.39MB/s,21376085.504342016
twox_hash::XxHash32,32,155ns,0.000000155,196.89MB/s,206451612.9032258
twox_hash::XxHash64,32,262ns,0.000000262,116.48MB/s,122137404.58015268
twox_hash::XxHash3_64,32,242ns,0.000000242,126.11MB/s,132231404.95867768
twox_hash::XxHash3_128,32,292ns,0.000000292,104.51MB/s,109589041.09589042
seahash,32,174ns,0.000000174,175.39MB/s,183908045.9770115
xxhash::xxh32,32,266ns,0.000000266,114.73MB/s,120300751.87969925
xxhash::xxh64,32,191ns,0.000000191,159.78MB/s,167539267.0157068
xxhash::xxh3_64_with_seed,32,225ns,0.000000225,135.63MB/s,142222222.2222222
xxhash::xxh3_128_with_seed,32,265ns,0.000000265,115.16MB/s,120754716.98113208
xxhash::const_xxh32,32,262ns,0.000000262,116.48MB/s,122137404.58015268
xxhash::const_xxh64,32,382ns,0.000000382,79.89MB/s,83769633.5078534
xxhash::const_xxh3_64_with_seed,32,652ns,0.000000652,46.81MB/s,49079754.60122699
xxhash::const_xxh3_128_with_seed,32,665ns,0.000000665,45.89MB/s,48120300.7518797
murmur3_32,32,341ns,0.000000341,89.49MB/s,93841642.22873901
murmur3_x64_128,32,350ns,0.00000035,87.19MB/s,91428571.42857143
murmur3_x86_128,32,299ns,0.000000299,102.07MB/s,107023411.37123746
murmur3_32_of_slice,32,169ns,0.000000169,180.58MB/s,189349112.4260355
murmur3_x64_128_of_slice,32,226ns,0.000000226,135.03MB/s,141592920.3539823
murmur3_x86_128_of_slice,32,194ns,0.000000194,157.31MB/s,164948453.60824743
fastmurmur3_x64_128,32,222ns,0.000000222,137.47MB/s,144144144.14414415
md5_compute,64,722ns,0.000000722,84.54MB/s,88642659.27977839
Blake2b512,64,2.112µs,0.000002112,28.90MB/s,30303030.303030305
Blake2s256,64,1.367µs,0.000001367,44.65MB/s,46817849.30504755
Sha1,64,1.378µs,0.000001378,44.29MB/s,46444121.91582003
Keccak224,64,1.995µs,0.000001995,30.59MB/s,32080200.50125313
Keccak256,64,1.855µs,0.000001855,32.90MB/s,34501347.70889488
Keccak384,64,2.095µs,0.000002095,29.13MB/s,30548926.014319807
Keccak512,64,2.356µs,0.000002356,25.91MB/s,27164685.908319186
Keccak256Full,64,3.967µs,0.000003967,15.39MB/s,16133098.05898664
Sha3_224,64,1.83µs,0.00000183,33.35MB/s,34972677.59562842
Sha3_256,64,1.86µs,0.00000186,32.81MB/s,34408602.15053763
Sha3_384,64,2.162µs,0.000002162,28.23MB/s,29602220.16651249
Sha3_512,64,2.283µs,0.000002283,26.73MB/s,28033289.53131844
Sha224,64,2.611µs,0.000002611,23.38MB/s,24511681.348142475
Sha256,64,2.034µs,0.000002034,30.01MB/s,31465093.411996067
Sha384,64,1.862µs,0.000001862,32.78MB/s,34371643.39419979
Sha512,64,1.897µs,0.000001897,32.17MB/s,33737480.23194518
Sha512_224,64,1.441µs,0.000001441,42.36MB/s,44413601.665510066
Sha512_256,64,1.512µs,0.000001512,40.37MB/s,42328042.32804233
sm3,64,2.37µs,0.00000237,25.75MB/s,27004219.4092827
crc<u16>,64,749ns,0.000000749,81.49MB/s,85447263.01735647
crc<u32>,64,1.007µs,0.000001007,60.61MB/s,63555114.200595826
crc<u64>,64,2.081µs,0.000002081,29.33MB/s,30754444.97837578
crc16,64,371ns,0.000000371,164.52MB/s,172506738.5444744
crc32fast,64,1.03µs,0.00000103,59.26MB/s,62135922.33009709
crc64,64,706ns,0.000000706,86.45MB/s,90651558.0736544
sha256,64,2.2µs,0.0000022,27.74MB/s,29090909.09090909
twox_hash::XxHash32,64,202ns,0.000000202,302.15MB/s,316831683.16831684
twox_hash::XxHash64,64,180ns,0.00000018,339.08MB/s,355555555.5555556
twox_hash::XxHash3_64,64,242ns,0.000000242,252.21MB/s,264462809.91735536
twox_hash::XxHash3_128,64,349ns,0.000000349,174.89MB/s,183381088.8252149
seahash,64,185ns,0.000000185,329.92MB/s,345945945.9459459
xxhash::xxh32,64,276ns,0.000000276,221.14MB/s,231884057.9710145
xxhash::xxh64,64,159ns,0.000000159,383.87MB/s,402515723.2704403
xxhash::xxh3_64_with_seed,64,173ns,0.000000173,352.80MB/s,369942196.5317919
xxhash::xxh3_128_with_seed,64,287ns,0.000000287,212.67MB/s,222996515.6794425
xxhash::const_xxh32,64,311ns,0.000000311,196.25MB/s,205787781.3504823
xxhash::const_xxh64,64,305ns,0.000000305,200.12MB/s,209836065.5737705
xxhash::const_xxh3_64_with_seed,64,536ns,0.000000536,113.87MB/s,119402985.07462686
xxhash::const_xxh3_128_with_seed,64,607ns,0.000000607,100.55MB/s,105436573.31136738
murmur3_32,64,362ns,0.000000362,168.61MB/s,176795580.11049724
murmur3_x64_128,64,339ns,0.000000339,180.04MB/s,188790560.4719764
murmur3_x86_128,64,297ns,0.000000297,205.51MB/s,215488215.48821548
murmur3_32_of_slice,64,247ns,0.000000247,247.11MB/s,259109311.74089068
murmur3_x64_128_of_slice,64,187ns,0.000000187,326.39MB/s,342245989.30481285
murmur3_x86_128_of_slice,64,209ns,0.000000209,292.03MB/s,306220095.6937799
fastmurmur3_x64_128,64,202ns,0.000000202,302.15MB/s,316831683.16831684
md5_compute,128,1.026µs,0.000001026,118.98MB/s,124756335.28265107
Blake2b512,128,2.007µs,0.000002007,60.82MB/s,63776781.26557051
Blake2s256,128,1.622µs,0.000001622,75.26MB/s,78914919.85203452
Sha1,128,1.599µs,0.000001599,76.34MB/s,80050031.26954347
Keccak224,128,1.989µs,0.000001989,61.37MB/s,64353946.706887886
Keccak256,128,1.968µs,0.000001968,62.03MB/s,65040650.406504065
Keccak384,128,3.094µs,0.000003094,39.45MB/s,41370394.31157078
Keccak512,128,3.384µs,0.000003384,36.07MB/s,37825059.10165485
Keccak256Full,128,3.861µs,0.000003861,31.62MB/s,33152033.15203315
Sha3_224,128,1.882µs,0.000001882,64.86MB/s,68012752.39107333
Sha3_256,128,1.945µs,0.000001945,62.76MB/s,65809768.63753214
Sha3_384,128,3.275µs,0.000003275,37.27MB/s,39083969.46564885
Sha3_512,128,3.532µs,0.000003532,34.56MB/s,36240090.6002265
Sha224,128,3.101µs,0.000003101,39.36MB/s,41277007.41696227
Sha256,128,2.622µs,0.000002622,46.56MB/s,48817696.41495042
Sha384,128,2.496µs,0.000002496,48.91MB/s,51282051.28205128
Sha512,128,2.601µs,0.000002601,46.93MB/s,49211841.59938485
Sha512_224,128,1.933µs,0.000001933,63.15MB/s,66218313.502327986
Sha512_256,128,2.286µs,0.000002286,53.40MB/s,55993000.87489064
sm3,128,2.958µs,0.000002958,41.27MB/s,43272481.40635565
crc<u16>,128,925ns,0.000000925,131.97MB/s,138378378.3783784
crc<u32>,128,1.194µs,0.000001194,102.24MB/s,107202680.06700167
crc<u64>,128,2.102µs,0.000002102,58.07MB/s,60894386.29876308
crc16,128,560ns,0.00000056,217.98MB/s,228571428.57142857
crc32fast,128,367ns,0.000000367,332.62MB/s,348773841.96185285
crc64,128,1.206µs,0.000001206,101.22MB/s,106135986.73300166
sha256,128,2.735µs,0.000002735,44.63MB/s,46800731.26142596
twox_hash::XxHash32,128,289ns,0.000000289,422.39MB/s,442906574.39446366
twox_hash::XxHash64,128,246ns,0.000000246,496.22MB/s,520325203.2520325
twox_hash::XxHash3_64,128,381ns,0.000000381,320.39MB/s,335958005.2493438
twox_hash::XxHash3_128,128,431ns,0.000000431,283.23MB/s,296983758.70069605
seahash,128,277ns,0.000000277,440.69MB/s,462093862.8158845
xxhash::xxh32,128,241ns,0.000000241,506.52MB/s,531120331.9502075
xxhash::xxh64,128,236ns,0.000000236,517.25MB/s,542372881.3559322
xxhash::xxh3_64_with_seed,128,179ns,0.000000179,681.96MB/s,715083798.8826816
xxhash::xxh3_128_with_seed,128,278ns,0.000000278,439.10MB/s,460431654.676259
xxhash::const_xxh32,128,393ns,0.000000393,310.61MB/s,325699745.5470738
xxhash::const_xxh64,128,358ns,0.000000358,340.98MB/s,357541899.4413408
xxhash::const_xxh3_64_with_seed,128,718ns,0.000000718,170.01MB/s,178272980.50139275
xxhash::const_xxh3_128_with_seed,128,850ns,0.00000085,143.61MB/s,150588235.29411766
murmur3_32,128,727ns,0.000000727,167.91MB/s,176066024.75928473
murmur3_x64_128,128,400ns,0.0000004,305.18MB/s,320000000
murmur3_x86_128,128,393ns,0.000000393,310.61MB/s,325699745.5470738
murmur3_32_of_slice,128,333ns,0.000000333,366.58MB/s,384384384.3843844
murmur3_x64_128_of_slice,128,209ns,0.000000209,584.07MB/s,612440191.3875598
murmur3_x86_128_of_slice,128,268ns,0.000000268,455.49MB/s,477611940.29850745
fastmurmur3_x64_128,128,232ns,0.000000232,526.17MB/s,551724137.9310344
md5_compute,256,1.452µs,0.000001452,168.14MB/s,176308539.94490358
Blake2b512,256,2.643µs,0.000002643,92.37MB/s,96859629.20923193
Blake2s256,256,2.339µs,0.000002339,104.38MB/s,109448482.25737494
Sha1,256,2.256µs,0.000002256,108.22MB/s,113475177.30496454
Keccak224,256,3.258µs,0.000003258,74.94MB/s,78575813.38244322
Keccak256,256,3.148µs,0.000003148,77.55MB/s,81321473.95171538
Keccak384,256,4.277µs,0.000004277,57.08MB/s,59855038.578442834
Keccak512,256,5.587µs,0.000005587,43.70MB/s,45820655.09217827
Keccak256Full,256,5.199µs,0.000005199,46.96MB/s,49240238.50740527
Sha3_224,256,2.933µs,0.000002933,83.24MB/s,87282645.75519945
Sha3_256,256,3.168µs,0.000003168,77.06MB/s,80808080.8080808
Sha3_384,256,4.339µs,0.000004339,56.27MB/s,58999769.53215027
Sha3_512,256,5.655µs,0.000005655,43.17MB/s,45269672.855879754
Sha224,256,4.572µs,0.000004572,53.40MB/s,55993000.87489064
Sha256,256,3.91µs,0.00000391,62.44MB/s,65473145.78005115
Sha384,256,3.778µs,0.000003778,64.62MB/s,67760719.95764954
Sha512,256,3.404µs,0.000003404,71.72MB/s,75205640.42303173
Sha512_224,256,2.978µs,0.000002978,81.98MB/s,85963734.04969779
Sha512_256,256,3.041µs,0.000003041,80.28MB/s,84182834.59388359
sm3,256,4.079µs,0.000004079,59.85MB/s,62760480.509928904
crc<u16>,256,1.335µs,0.000001335,182.88MB/s,191760299.62546816
crc<u32>,256,1.504µs,0.000001504,162.33MB/s,170212765.9574468
crc<u64>,256,2.57µs,0.00000257,95.00MB/s,99610894.94163424
crc16,256,871ns,0.000000871,280.30MB/s,293915040.1836969
crc32fast,256,249ns,0.000000249,980.48MB/s,1028112449.7991968
crc64,256,1.958µs,0.000001958,124.69MB/s,130745658.83554648
sha256,256,4.015µs,0.000004015,60.81MB/s,63760896.63760897
twox_hash::XxHash32,256,258ns,0.000000258,946.28MB/s,992248062.0155039
twox_hash::XxHash64,256,272ns,0.000000272,897.58MB/s,941176470.5882353
twox_hash::XxHash3_64,256,794ns,0.000000794,307.48MB/s,322418136.02015114
twox_hash::XxHash3_128,256,1.37µs,0.00000137,178.20MB/s,186861313.86861312
seahash,256,324ns,0.000000324,753.52MB/s,790123456.7901235
xxhash::xxh32,256,347ns,0.000000347,703.58MB/s,737752161.3832853
xxhash::xxh64,256,238ns,0.000000238,1.00GB/s,1075630252.1008403
xxhash::xxh3_64_with_seed,256,849ns,0.000000849,287.56MB/s,301531213.19199055
xxhash::xxh3_128_with_seed,256,608ns,0.000000608,401.55MB/s,421052631.57894737
xxhash::const_xxh32,256,380ns,0.00000038,642.48MB/s,673684210.5263158
xxhash::const_xxh64,256,414ns,0.000000414,589.71MB/s,618357487.9227053
xxhash::const_xxh3_64_with_seed,256,1.337µs,0.000001337,182.60MB/s,191473448.01795062
xxhash::const_xxh3_128_with_seed,256,1.326µs,0.000001326,184.12MB/s,193061840.12066364
murmur3_32,256,919ns,0.000000919,265.66MB/s,278563656.14798695
murmur3_x64_128,256,489ns,0.000000489,499.27MB/s,523517382.41308796
murmur3_x86_128,256,509ns,0.000000509,479.65MB/s,502946954.8133595
murmur3_32_of_slice,256,411ns,0.000000411,594.02MB/s,622871046.2287104
murmur3_x64_128_of_slice,256,273ns,0.000000273,894.29MB/s,937728937.7289377
murmur3_x86_128_of_slice,256,340ns,0.00000034,718.06MB/s,752941176.4705882
fastmurmur3_x64_128,256,265ns,0.000000265,921.29MB/s,966037735.8490566
md5_compute,512,2.362µs,0.000002362,206.72MB/s,216765453.00592718
Blake2b512,512,3.402µs,0.000003402,143.53MB/s,150499706.0552616
Blake2s256,512,3.636µs,0.000003636,134.29MB/s,140814081.4081408
Sha1,512,3.404µs,0.000003404,143.44MB/s,150411280.84606346
Keccak224,512,5.765µs,0.000005765,84.70MB/s,88811795.31656548
Keccak256,512,5.666µs,0.000005666,86.18MB/s,90363572.18496294
Keccak384,512,6.969µs,0.000006969,70.06MB/s,73468216.38685608
Keccak512,512,10.778µs,0.000010778,45.30MB/s,47504175.17164595
Keccak256Full,512,7.791µs,0.000007791,62.67MB/s,65716852.77884739
Sha3_224,512,3.88µs,0.00000388,125.85MB/s,131958762.88659793
Sha3_256,512,4.148µs,0.000004148,117.71MB/s,123432979.74927676
Sha3_384,512,5.132µs,0.000005132,95.14MB/s,99766173.03195636
Sha3_512,512,8.28µs,0.00000828,58.97MB/s,61835748.792270534
Sha224,512,5.744µs,0.000005744,85.01MB/s,89136490.25069638
Sha256,512,5.124µs,0.000005124,95.29MB/s,99921935.98750976
Sha384,512,4.145µs,0.000004145,117.80MB/s,123522316.04342581
Sha512,512,4.016µs,0.000004016,121.58MB/s,127490039.84063745
Sha512_224,512,4.001µs,0.000004001,122.04MB/s,127968007.9980005
Sha512_256,512,4.606µs,0.000004606,106.01MB/s,111159357.35996526
sm3,512,6.431µs,0.000006431,75.93MB/s,79614367.90545794
crc<u16>,512,2.057µs,0.000002057,237.38MB/s,248906174.03986388
crc<u32>,512,2.144µs,0.000002144,227.74MB/s,238805970.14925373
crc<u64>,512,3.128µs,0.000003128,156.10MB/s,163682864.45012787
crc16,512,1.524µs,0.000001524,320.39MB/s,335958005.2493438
crc32fast,512,344ns,0.000000344,1.39GB/s,1488372093.0232558
crc64,512,2.177µs,0.000002177,224.29MB/s,235186035.82912263
sha256,512,6.806µs,0.000006806,71.74MB/s,75227740.22920953
twox_hash::XxHash32,512,404ns,0.000000404,1.18GB/s,1267326732.6732674
twox_hash::XxHash64,512,315ns,0.000000315,1.51GB/s,1625396825.3968253
twox_hash::XxHash3_64,512,870ns,0.00000087,561.24MB/s,588505747.1264368
twox_hash::XxHash3_128,512,400ns,0.0000004,1.19GB/s,1280000000
seahash,512,406ns,0.000000406,1.17GB/s,1261083743.8423645
xxhash::xxh32,512,392ns,0.000000392,1.22GB/s,1306122448.9795918
xxhash::xxh64,512,306ns,0.000000306,1.56GB/s,1673202614.379085
xxhash::xxh3_64_with_seed,512,451ns,0.000000451,1.06GB/s,1135254988.9135256
xxhash::xxh3_128_with_seed,512,398ns,0.000000398,1.20GB/s,1286432160.8040202
xxhash::const_xxh32,512,647ns,0.000000647,754.69MB/s,791344667.6970633
xxhash::const_xxh64,512,555ns,0.000000555,879.79MB/s,922522522.5225226
xxhash::const_xxh3_64_with_seed,512,1.301µs,0.000001301,375.31MB/s,393543428.132206
xxhash::const_xxh3_128_with_seed,512,1.475µs,0.000001475,331.04MB/s,347118644.0677966
murmur3_32,512,1.463µs,0.000001463,333.75MB/s,349965823.6500342
murmur3_x64_128,512,740ns,0.00000074,659.84MB/s,691891891.8918918
murmur3_x86_128,512,810ns,0.00000081,602.82MB/s,632098765.4320987
murmur3_32_of_slice,512,625ns,0.000000625,781.25MB/s,819200000
murmur3_x64_128_of_slice,512,393ns,0.000000393,1.21GB/s,1302798982.1882951
murmur3_x86_128_of_slice,512,515ns,0.000000515,948.12MB/s,994174757.2815534
fastmurmur3_x64_128,512,392ns,0.000000392,1.22GB/s,1306122448.9795918
md5_compute,1024,4.099µs,0.000004099,238.24MB/s,249817028.5435472
Blake2b512,1024,5.153µs,0.000005153,189.51MB/s,198719192.70327964
Blake2s256,1024,6.236µs,0.000006236,156.60MB/s,164207825.52918538
Sha1,1024,5.603µs,0.000005603,174.29MB/s,182759236.12350526
Keccak224,1024,10.018µs,0.000010018,97.48MB/s,102216011.17987622
Keccak256,1024,10.062µs,0.000010062,97.05MB/s,101769032.00159015
Keccak384,1024,12.735µs,0.000012735,76.68MB/s,80408323.51786415
Keccak512,1024,18.565µs,0.000018565,52.60MB/s,55157554.53810935
Keccak256Full,1024,12.512µs,0.000012512,78.05MB/s,81841432.22506393
Sha3_224,1024,10.097µs,0.000010097,96.72MB/s,101416262.25611567
Sha3_256,1024,10.339µs,0.000010339,94.45MB/s,99042460.58613019
Sha3_384,1024,12.844µs,0.000012844,76.03MB/s,79725942.07412021
Sha3_512,1024,18.816µs,0.000018816,51.90MB/s,54421768.70748299
Sha224,1024,12.602µs,0.000012602,77.49MB/s,81256943.34232661
Sha256,1024,12.234µs,0.000012234,79.82MB/s,83701160.69968939
Sha384,1024,8.201µs,0.000008201,119.08MB/s,124862821.60712108
Sha512,1024,8.11µs,0.00000811,120.41MB/s,126263871.76325524
Sha512_224,1024,7.584µs,0.000007584,128.77MB/s,135021097.0464135
Sha512_256,1024,7.311µs,0.000007311,133.57MB/s,140062918.8893448
sm3,1024,10.461µs,0.000010461,93.35MB/s,97887391.26278558
crc<u16>,1024,3.476µs,0.000003476,280.94MB/s,294591484.46490216
crc<u32>,1024,3.622µs,0.000003622,269.62MB/s,282716731.0877968
crc<u64>,1024,4.649µs,0.000004649,210.06MB/s,220262422.0262422
crc16,1024,2.731µs,0.000002731,357.58MB/s,374954229.2200659
crc32fast,1024,369ns,0.000000369,2.58GB/s,2775067750.677507
crc64,1024,2.09µs,0.00000209,467.25MB/s,489952153.1100478
sha256,1024,11.379µs,0.000011379,85.82MB/s,89990333.06968978
twox_hash::XxHash32,1024,444ns,0.000000444,2.15GB/s,2306306306.3063064
twox_hash::XxHash64,1024,416ns,0.000000416,2.29GB/s,2461538461.5384617
twox_hash::XxHash3_64,1024,1.066µs,0.000001066,916.10MB/s,960600375.2345216
twox_hash::XxHash3_128,1024,9.69µs,0.00000969,100.78MB/s,105675954.59236327
seahash,1024,512ns,0.000000512,1.86GB/s,2000000000
xxhash::xxh32,1024,492ns,0.000000492,1.94GB/s,2081300813.00813
xxhash::xxh64,1024,349ns,0.000000349,2.73GB/s,2934097421.2034383
xxhash::xxh3_64_with_seed,1024,495ns,0.000000495,1.93GB/s,2068686868.6868687
xxhash::xxh3_128_with_seed,1024,441ns,0.000000441,2.16GB/s,2321995464.8526077
xxhash::const_xxh32,1024,902ns,0.000000902,1.06GB/s,1135254988.9135256
xxhash::const_xxh64,1024,809ns,0.000000809,1.18GB/s,1265760197.7750309
xxhash::const_xxh3_64_with_seed,1024,1.917µs,0.000001917,509.42MB/s,534167970.7876891
xxhash::const_xxh3_128_with_seed,1024,2.046µs,0.000002046,477.30MB/s,500488758.5532747
murmur3_32,1024,2.637µs,0.000002637,370.33MB/s,388320060.6750095
murmur3_x64_128,1024,1.085µs,0.000001085,900.06MB/s,943778801.843318
murmur3_x86_128,1024,1.252µs,0.000001252,780.00MB/s,817891373.801917
murmur3_32_of_slice,1024,942ns,0.000000942,1.01GB/s,1087048832.2717621
murmur3_x64_128_of_slice,1024,526ns,0.000000526,1.81GB/s,1946768060.8365018
murmur3_x86_128_of_slice,1024,780ns,0.00000078,1.22GB/s,1312820512.8205128
fastmurmur3_x64_128,1024,536ns,0.000000536,1.78GB/s,1910447761.1940298
md5_compute,2048,7.931µs,0.000007931,246.26MB/s,258227209.68352038
Blake2b512,2048,8.602µs,0.000008602,227.05MB/s,238084166.47291327
Blake2s256,2048,11.382µs,0.000011382,171.60MB/s,179933227.9037076
Sha1,2048,10.254µs,0.000010254,190.47MB/s,199726935.82992002
Keccak224,2048,19.43µs,0.00001943,100.52MB/s,105404014.41070509
Keccak256,2048,20.522µs,0.000020522,95.17MB/s,99795341.58464088
Keccak384,2048,25.607µs,0.000025607,76.27MB/s,79978130.97981021
Keccak512,2048,36.766µs,0.000036766,53.12MB/s,55703639.23189904
Keccak256Full,2048,22.695µs,0.000022695,86.06MB/s,90240141.00022031
Sha3_224,2048,19.248µs,0.000019248,101.47MB/s,106400665.00415628
Sha3_256,2048,20.522µs,0.000020522,95.17MB/s,99795341.58464088
Sha3_384,2048,25.502µs,0.000025502,76.59MB/s,80307426.8684809
Sha3_512,2048,36.767µs,0.000036767,53.12MB/s,55702124.1874507
Sha224,2048,22.927µs,0.000022927,85.19MB/s,89326994.37344615
Sha256,2048,22.274µs,0.000022274,87.69MB/s,91945766.36437102
Sha384,2048,14.559µs,0.000014559,134.15MB/s,140669001.99189505
Sha512,2048,14.451µs,0.000014451,135.16MB/s,141720296.1732752
Sha512_224,2048,13.987µs,0.000013987,139.64MB/s,146421677.27175233
Sha512_256,2048,14.102µs,0.000014102,138.50MB/s,145227627.28690967
sm3,2048,18.62µs,0.00001862,104.89MB/s,109989258.86143932
crc<u16>,2048,6.735µs,0.000006735,290.00MB/s,304083147.735709
crc<u32>,2048,6.551µs,0.000006551,298.14MB/s,312624026.8661273
crc<u64>,2048,7.223µs,0.000007223,270.40MB/s,283538695.83275646
crc16,2048,5.594µs,0.000005594,349.15MB/s,366106542.72434753
crc32fast,2048,478ns,0.000000478,3.99GB/s,4284518828.451883
crc64,2048,3.191µs,0.000003191,612.07MB/s,641805076.7784394
sha256,2048,17.385µs,0.000017385,112.35MB/s,117802703.48001151
twox_hash::XxHash32,2048,611ns,0.000000611,3.12GB/s,3351882160.392799
twox_hash::XxHash64,2048,405ns,0.000000405,4.71GB/s,5056790123.45679
twox_hash::XxHash3_64,2048,646ns,0.000000646,2.95GB/s,3170278637.770898
twox_hash::XxHash3_128,2048,10.102µs,0.000010102,193.34MB/s,202732132.2510394
seahash,2048,557ns,0.000000557,3.42GB/s,3676840215.4398565
xxhash::xxh32,2048,653ns,0.000000653,2.92GB/s,3136294027.5650845
xxhash::xxh64,2048,426ns,0.000000426,4.48GB/s,4807511737.089202
xxhash::xxh3_64_with_seed,2048,851ns,0.000000851,2.24GB/s,2406580493.5370154
xxhash::xxh3_128_with_seed,2048,581ns,0.000000581,3.28GB/s,3524956970.7401032
xxhash::const_xxh32,2048,1.492µs,0.000001492,1.28GB/s,1372654155.4959786
xxhash::const_xxh64,2048,1.325µs,0.000001325,1.44GB/s,1545660377.3584905
xxhash::const_xxh3_64_with_seed,2048,3.332µs,0.000003332,586.17MB/s,614645858.3433373
xxhash::const_xxh3_128_with_seed,2048,3.824µs,0.000003824,510.75MB/s,535564853.55648535
murmur3_32,2048,5.257µs,0.000005257,371.53MB/s,389575803.6903177
murmur3_x64_128,2048,2.104µs,0.000002104,928.29MB/s,973384030.4182509
murmur3_x86_128,2048,2.466µs,0.000002466,792.02MB/s,830494728.3049473
murmur3_32_of_slice,2048,2.047µs,0.000002047,954.14MB/s,1000488519.7850513
murmur3_x64_128_of_slice,2048,987ns,0.000000987,1.93GB/s,2074974670.7193515
murmur3_x86_128_of_slice,2048,1.438µs,0.000001438,1.33GB/s,1424200278.1641169
fastmurmur3_x64_128,2048,821ns,0.000000821,2.32GB/s,2494518879.415347
md5_compute,4096,11.759µs,0.000011759,332.19MB/s,348328939.5356748
Blake2b512,4096,7.812µs,0.000007812,500.03MB/s,524321556.5796211
Blake2s256,4096,11.01µs,0.00001101,354.79MB/s,372025431.4259764
Sha1,4096,9.789µs,0.000009789,399.04MB/s,418428848.70773315
Keccak224,4096,17.959µs,0.000017959,217.51MB/s,228075059.85856673
Keccak256,4096,19.028µs,0.000019028,205.29MB/s,215261719.5711583
Keccak384,4096,24.501µs,0.000024501,159.43MB/s,167176849.92449287
Keccak512,4096,34.578µs,0.000034578,112.97MB/s,118456822.25692637
Keccak256Full,4096,29.932µs,0.000029932,130.50MB/s,136843511.96044368
Sha3_224,4096,17.852µs,0.000017852,218.81MB/s,229442079.31884384
Sha3_256,4096,19.006µs,0.000019006,205.53MB/s,215510891.297485
Sha3_384,4096,24.437µs,0.000024437,159.85MB/s,167614682.6533535
Sha3_512,4096,34.564µs,0.000034564,113.01MB/s,118504802.68487443
Sha224,4096,24.16µs,0.00002416,161.68MB/s,169536423.8410596
Sha256,4096,23.838µs,0.000023838,163.87MB/s,171826495.5113684
Sha384,4096,13.931µs,0.000013931,280.40MB/s,294020529.7537865
Sha512,4096,13.75µs,0.00001375,284.09MB/s,297890909.09090906
Sha512_224,4096,13.44µs,0.00001344,290.64MB/s,304761904.7619048
Sha512_256,4096,13.562µs,0.000013562,288.03MB/s,302020350.9806813
sm3,4096,21.376µs,0.000021376,182.74MB/s,191616766.46706587
crc<u16>,4096,12.451µs,0.000012451,313.73MB/s,328969560.6778572
crc<u32>,4096,11.95µs,0.00001195,326.88MB/s,342761506.27615064
crc<u64>,4096,12.554µs,0.000012554,311.16MB/s,326270511.3907918
crc16,4096,10.665µs,0.000010665,366.27MB/s,384060009.3764651
crc32fast,4096,528ns,0.000000528,7.22GB/s,7757575757.575758
crc64,4096,4.123µs,0.000004123,947.43MB/s,993451370.3613874
sha256,4096,24.15µs,0.00002415,161.75MB/s,169606625.25879917
twox_hash::XxHash32,4096,941ns,0.000000941,4.05GB/s,4352816153.028693
twox_hash::XxHash64,4096,497ns,0.000000497,7.68GB/s,8241448692.152918
twox_hash::XxHash3_64,4096,791ns,0.000000791,4.82GB/s,5178255372.945639
twox_hash::XxHash3_128,4096,486ns,0.000000486,7.85GB/s,8427983539.09465
seahash,4096,806ns,0.000000806,4.73GB/s,5081885856.079405
xxhash::xxh32,4096,869ns,0.000000869,4.39GB/s,4713463751.438435
xxhash::xxh64,4096,484ns,0.000000484,7.88GB/s,8462809917.355371
xxhash::xxh3_64_with_seed,4096,593ns,0.000000593,6.43GB/s,6907251264.755481
xxhash::xxh3_128_with_seed,4096,527ns,0.000000527,7.24GB/s,7772296015.180265
xxhash::const_xxh32,4096,1.441µs,0.000001441,2.65GB/s,2842470506.592644
xxhash::const_xxh64,4096,1.355µs,0.000001355,2.82GB/s,3022878228.7822876
xxhash::const_xxh3_64_with_seed,4096,3.994µs,0.000003994,978.03MB/s,1025538307.4611918
xxhash::const_xxh3_128_with_seed,4096,3.985µs,0.000003985,980.24MB/s,1027854454.2032622
murmur3_32,4096,5.67µs,0.00000567,688.93MB/s,722398589.0652558
murmur3_x64_128,4096,2.338µs,0.000002338,1.63GB/s,1751924721.9846022
murmur3_x86_128,4096,2.641µs,0.000002641,1.44GB/s,1550927678.909504
murmur3_32_of_slice,4096,1.91µs,0.00000191,2.00GB/s,2144502617.801047
murmur3_x64_128_of_slice,4096,1.041µs,0.000001041,3.66GB/s,3934678194.0441885
murmur3_x86_128_of_slice,4096,1.534µs,0.000001534,2.49GB/s,2670143415.906128
fastmurmur3_x64_128,4096,936ns,0.000000936,4.08GB/s,4376068376.068377
md5_compute,8192,30.863µs,0.000030863,253.13MB/s,265431098.7266306
Blake2b512,8192,29.024µs,0.000029024,269.17MB/s,282249173.0981257
Blake2s256,8192,42.962µs,0.000042962,181.85MB/s,190680135.9340813
Sha1,8192,37.277µs,0.000037277,209.58MB/s,219760173.83373126
Keccak224,8192,63.166µs,0.000063166,123.68MB/s,129690023.1137004
Keccak256,8192,71.68µs,0.00007168,108.99MB/s,114285714.28571428
Keccak384,8192,116.902µs,0.000116902,66.83MB/s,70075789.97793023
Keccak512,8192,152.104µs,0.000152104,51.36MB/s,53857886.70909378
Keccak256Full,8192,80.181µs,0.000080181,97.44MB/s,102168842.99272895
Sha3_224,8192,70.598µs,0.000070598,110.66MB/s,116037281.5093912
Sha3_256,8192,75.382µs,0.000075382,103.64MB/s,108673158.04834045
Sha3_384,8192,95.434µs,0.000095434,81.86MB/s,85839428.29599513
Sha3_512,8192,141.406µs,0.000141406,55.25MB/s,57932478.112668484
Sha224,8192,76.022µs,0.000076022,102.77MB/s,107758280.49775065
Sha256,8192,80.852µs,0.000080852,96.63MB/s,101320932.0734181
Sha384,8192,49.573µs,0.000049573,157.60MB/s,165251245.63774636
Sha512,8192,50.176µs,0.000050176,155.70MB/s,163265306.12244898
Sha512_224,8192,50.51µs,0.00005051,154.67MB/s,162185705.80083153
Sha512_256,8192,49.765µs,0.000049765,156.99MB/s,164613684.31628653
sm3,8192,72.103µs,0.000072103,108.35MB/s,113615244.85805029
crc<u16>,8192,25.138µs,0.000025138,310.78MB/s,325881136.1285703
crc<u32>,8192,23.923µs,0.000023923,326.57MB/s,342431969.2346278
crc<u64>,8192,24.968µs,0.000024968,312.90MB/s,328099967.9589875
crc16,8192,20.62µs,0.00002062,378.88MB/s,397284190.10669255
crc32fast,8192,1.399µs,0.000001399,5.45GB/s,5855611150.822016
crc64,8192,7.936µs,0.000007936,984.44MB/s,1032258064.516129
sha256,8192,80.662µs,0.000080662,96.85MB/s,101559594.35669832
twox_hash::XxHash32,8192,2.105µs,0.000002105,3.62GB/s,3891686460.807601
twox_hash::XxHash64,8192,1.583µs,0.000001583,4.82GB/s,5174984207.201516
twox_hash::XxHash3_64,8192,2.928µs,0.000002928,2.61GB/s,2797814207.6502733
twox_hash::XxHash3_128,8192,900ns,0.0000009,8.48GB/s,9102222222.222221
seahash,8192,2.565µs,0.000002565,2.97GB/s,3193762183.2358675
xxhash::xxh32,8192,2.253µs,0.000002253,3.39GB/s,3636040834.442965
xxhash::xxh64,8192,1.477µs,0.000001477,5.17GB/s,5546377792.823291
xxhash::xxh3_64_with_seed,8192,1.584µs,0.000001584,4.82GB/s,5171717171.717172
xxhash::xxh3_128_with_seed,8192,1.499µs,0.000001499,5.09GB/s,5464976651.100734
xxhash::const_xxh32,8192,5.323µs,0.000005323,1.43GB/s,1538981777.193312
xxhash::const_xxh64,8192,4.765µs,0.000004765,1.60GB/s,1719202518.363064
xxhash::const_xxh3_64_with_seed,8192,13.88µs,0.00001388,562.86MB/s,590201729.1066283
xxhash::const_xxh3_128_with_seed,8192,14.001µs,0.000014001,558.00MB/s,585101064.2096993
murmur3_32,8192,21.419µs,0.000021419,364.75MB/s,382464167.3280732
murmur3_x64_128,8192,6.47µs,0.00000647,1.18GB/s,1266151468.3153014
murmur3_x86_128,8192,11.039µs,0.000011039,707.72MB/s,742096204.3663375
murmur3_32_of_slice,8192,7.028µs,0.000007028,1.09GB/s,1165623221.4001138
murmur3_x64_128_of_slice,8192,3.168µs,0.000003168,2.41GB/s,2585858585.858586
murmur3_x86_128_of_slice,8192,5.4µs,0.0000054,1.41GB/s,1517037037.0370371
fastmurmur3_x64_128,8192,2.895µs,0.000002895,2.64GB/s,2829706390.328152
md5_compute,16384,49.909µs,0.000049909,313.07MB/s,328277464.986275
Blake2b512,16384,49.207µs,0.000049207,317.54MB/s,332960757.6157864
Blake2s256,16384,63.898µs,0.000063898,244.53MB/s,256408651.28799024
Sha1,16384,68.482µs,0.000068482,228.16MB/s,239245349.14284045
Keccak224,16384,138.146µs,0.000138146,113.10MB/s,118599163.20414634
Keccak256,16384,153.919µs,0.000153919,101.51MB/s,106445598.00934258
Keccak384,16384,178.42µs,0.00017842,87.57MB/s,91828270.37327653
Keccak512,16384,257.914µs,0.000257914,60.58MB/s,63525050.985987574
Keccak256Full,16384,121.787µs,0.000121787,128.30MB/s,134529958.0414987
Sha3_224,16384,104.607µs,0.000104607,149.37MB/s,156624317.68428499
Sha3_256,16384,125.016µs,0.000125016,124.98MB/s,131055224.9312088
Sha3_384,16384,188.835µs,0.000188835,82.74MB/s,86763576.66746101
Sha3_512,16384,218.897µs,0.000218897,71.38MB/s,74847987.86643946
Sha224,16384,128.945µs,0.000128945,121.18MB/s,127061925.6272054
Sha256,16384,141.854µs,0.000141854,110.15MB/s,115499034.21828076
Sha384,16384,82.964µs,0.000082964,188.33MB/s,197483245.74514246
Sha512,16384,81.555µs,0.000081555,191.59MB/s,200895101.46526885
Sha512_224,16384,81.825µs,0.000081825,190.96MB/s,200232202.8719829
Sha512_256,16384,83.035µs,0.000083035,188.17MB/s,197314385.50009033
sm3,16384,118.606µs,0.000118606,131.74MB/s,138138036.86154157
crc<u16>,16384,53.327µs,0.000053327,293.00MB/s,307236484.33251446
crc<u32>,16384,49.617µs,0.000049617,314.91MB/s,330209404.0349074
crc<u64>,16384,50.557µs,0.000050557,309.06MB/s,324069861.740214
crc16,16384,43.405µs,0.000043405,359.98MB/s,377468033.6366778
crc32fast,16384,3.003µs,0.000003003,5.08GB/s,5455877455.877456
crc64,16384,16.126µs,0.000016126,968.93MB/s,1015999007.8134689
sha256,16384,140.097µs,0.000140097,111.53MB/s,116947543.48772636
twox_hash::XxHash32,16384,5.265µs,0.000005265,2.90GB/s,3111870845.2041783
twox_hash::XxHash64,16384,2.909µs,0.000002909,5.25GB/s,5632176005.500172
twox_hash::XxHash3_64,16384,21.482µs,0.000021482,727.35MB/s,762685038.6369984
twox_hash::XxHash3_128,16384,1.536µs,0.000001536,9.93GB/s,10666666666.666666
seahash,16384,4.101µs,0.000004101,3.72GB/s,3995123140.697391
xxhash::xxh32,16384,5.256µs,0.000005256,2.90GB/s,3117199391.1719937
xxhash::xxh64,16384,2.217µs,0.000002217,6.88GB/s,7390166892.196662
xxhash::xxh3_64_with_seed,16384,2.217µs,0.000002217,6.88GB/s,7390166892.196662
xxhash::xxh3_128_with_seed,16384,2.166µs,0.000002166,7.04GB/s,7564173591.874423
xxhash::const_xxh32,16384,10.063µs,0.000010063,1.52GB/s,1628142700.983802
xxhash::const_xxh64,16384,8.228µs,0.000008228,1.85GB/s,1991249392.318911
xxhash::const_xxh3_64_with_seed,16384,24.367µs,0.000024367,641.24MB/s,672384782.6979111
xxhash::const_xxh3_128_with_seed,16384,23.006µs,0.000023006,679.17MB/s,712162044.6839955
murmur3_32,16384,36.093µs,0.000036093,432.91MB/s,453938436.8160031
murmur3_x64_128,16384,11.52µs,0.00001152,1.32GB/s,1422222222.2222223
murmur3_x86_128,16384,15.59µs,0.00001559,1002.25MB/s,1050930083.3867865
murmur3_32_of_slice,16384,12.817µs,0.000012817,1.19GB/s,1278302254.81782
murmur3_x64_128_of_slice,16384,6.988µs,0.000006988,2.18GB/s,2344590726.9605036
murmur3_x86_128_of_slice,16384,9.478µs,0.000009478,1.61GB/s,1728634733.0660477
fastmurmur3_x64_128,16384,6.005µs,0.000006005,2.54GB/s,2728393005.8284764
md5_compute,32768,117.91µs,0.00011791,265.03MB/s,277906878.1273853
Blake2b512,32768,90.795µs,0.000090795,344.18MB/s,360900930.6679883
Blake2s256,32768,141.702µs,0.000141702,220.53MB/s,231245853.9752438
Sha1,32768,119.006µs,0.000119006,262.59MB/s,275347461.4725308
Keccak224,32768,236.133µs,0.000236133,132.34MB/s,138769252.9210233
Keccak256,32768,256.181µs,0.000256181,121.98MB/s,127909563.94111976
Keccak384,32768,325.923µs,0.000325923,95.88MB/s,100539084.3849621
Keccak512,32768,467.893µs,0.000467893,66.79MB/s,70033105.85967304
Keccak256Full,32768,259.156µs,0.000259156,120.58MB/s,126441216.87323466
Sha3_224,32768,236.096µs,0.000236096,132.36MB/s,138791000.27107617
Sha3_256,32768,234.025µs,0.000234025,133.53MB/s,140019228.71488088
Sha3_384,32768,381.852µs,0.000381852,81.84MB/s,85813351.76979563
Sha3_512,32768,525.162µs,0.000525162,59.51MB/s,62395984.477170855
Sha224,32768,343.471µs,0.000343471,90.98MB/s,95402523.06599392
Sha256,32768,344.145µs,0.000344145,90.80MB/s,95215679.43744643
Sha384,32768,193.559µs,0.000193559,161.45MB/s,169292050.48589835
Sha512,32768,206.267µs,0.000206267,151.50MB/s,158862057.43041787
Sha512_224,32768,200.633µs,0.000200633,155.76MB/s,163323082.44406453
Sha512_256,32768,196.25µs,0.00019625,159.24MB/s,166970700.63694268
sm3,32768,290.288µs,0.000290288,107.65MB/s,112881000.9370005
crc<u16>,32768,95.34µs,0.00009534,327.77MB/s,343696245.0178309
crc<u32>,32768,90.801µs,0.000090801,344.16MB/s,360877082.85151047
crc<u64>,32768,91.603µs,0.000091603,341.15MB/s,357717542.0018995
crc16,32768,79.981µs,0.000079981,390.72MB/s,409697303.1094885
crc32fast,32768,4.801µs,0.000004801,6.36GB/s,6825244740.679026
crc64,32768,29.595µs,0.000029595,1.03GB/s,1107214056.4284508
sha256,32768,356.539µs,0.000356539,87.65MB/s,91905794.31703123
twox_hash::XxHash32,32768,7.961µs,0.000007961,3.83GB/s,4116065820.8767743
twox_hash::XxHash64,32768,5.031µs,0.000005031,6.07GB/s,6513218048.101769
twox_hash::XxHash3_64,32768,14.575µs,0.000014575,2.09GB/s,2248233276.1578045
twox_hash::XxHash3_128,32768,2.527µs,0.000002527,12.08GB/s,12967154728.927582
seahash,32768,8.843µs,0.000008843,3.45GB/s,3705529797.5800066
xxhash::xxh32,32768,8.75µs,0.00000875,3.49GB/s,3744914285.714286
xxhash::xxh64,32768,5.301µs,0.000005301,5.76GB/s,6181475193.359743
xxhash::xxh3_64_with_seed,32768,4.945µs,0.000004945,6.17GB/s,6626491405.460061
xxhash::xxh3_128_with_seed,32768,4.58µs,0.00000458,6.66GB/s,7154585152.838428
xxhash::const_xxh32,32768,20.32µs,0.00002032,1.50GB/s,1612598425.1968503
xxhash::const_xxh64,32768,16.771µs,0.000016771,1.82GB/s,1953848905.8493829
xxhash::const_xxh3_64_with_seed,32768,50.884µs,0.000050884,614.14MB/s,643974530.3042214
xxhash::const_xxh3_128_with_seed,32768,50.532µs,0.000050532,618.42MB/s,648460381.54041
murmur3_32,32768,76.323µs,0.000076323,409.44MB/s,429333228.5156506
murmur3_x64_128,32768,26.191µs,0.000026191,1.17GB/s,1251116795.8459013
murmur3_x86_128,32768,33.194µs,0.000033194,941.44MB/s,987166355.3654275
murmur3_32_of_slice,32768,26.745µs,0.000026745,1.14GB/s,1225200972.144326
murmur3_x64_128_of_slice,32768,11.548µs,0.000011548,2.64GB/s,2837547627.29477
murmur3_x86_128_of_slice,32768,19.382µs,0.000019382,1.57GB/s,1690640800.7429574
fastmurmur3_x64_128,32768,9.888µs,0.000009888,3.09GB/s,3313915857.605178
md5_compute,65536,239.503µs,0.000239503,260.96MB/s,273633315.65784144
Blake2b512,65536,210.53µs,0.00021053,296.87MB/s,311290552.41533273
Blake2s256,65536,328.951µs,0.000328951,190.00MB/s,199227240.53126454
Sha1,65536,284.13µs,0.00028413,219.97MB/s,230654981.87449408
Keccak224,65536,556.976µs,0.000556976,112.21MB/s,117663956.79526587
Keccak256,65536,568.024µs,0.000568024,110.03MB/s,115375406.67295748
Keccak384,65536,721.667µs,0.000721667,86.61MB/s,90811967.29239386
Keccak512,65536,1.092634ms,0.001092634,57.20MB/s,59979828.56107352
Keccak256Full,65536,587.905µs,0.000587905,106.31MB/s,111473792.53450812
Sha3_224,65536,560.506µs,0.000560506,111.51MB/s,116922923.21580857
Sha3_256,65536,576.911µs,0.000576911,108.34MB/s,113598111.32046364
Sha3_384,65536,775.561µs,0.000775561,80.59MB/s,84501412.5259006
Sha3_512,65536,1.073315ms,0.001073315,58.23MB/s,61059428.03370865
Sha224,65536,635.276µs,0.000635276,98.38MB/s,103161460.53054106
Sha256,65536,610.459µs,0.000610459,102.38MB/s,107355285.1215233
Sha384,65536,254.307µs,0.000254307,245.77MB/s,257704270.82227388
Sha512,65536,206.944µs,0.000206944,302.01MB/s,316684706.9738673
Sha512_224,65536,240.892µs,0.000240892,259.45MB/s,272055526.95813894
Sha512_256,65536,226.254µs,0.000226254,276.24MB/s,289656757.44959205
sm3,65536,538.162µs,0.000538162,116.14MB/s,121777457.34555766
crc<u16>,65536,197.027µs,0.000197027,317.22MB/s,332624462.6371005
crc<u32>,65536,186.659µs,0.000186659,334.84MB/s,351100134.4698086
crc<u64>,65536,197.23µs,0.00019723,316.89MB/s,332282107.1845054
crc16,65536,163.915µs,0.000163915,381.30MB/s,399816978.31192994
crc32fast,65536,9.565µs,0.000009565,6.38GB/s,6851646628.332462
crc64,65536,64.064µs,0.000064064,975.59MB/s,1022977022.977023
sha256,65536,679.941µs,0.000679941,91.92MB/s,96384833.3899559
twox_hash::XxHash32,65536,14.589µs,0.000014589,4.18GB/s,4492151621.084378
twox_hash::XxHash64,65536,10.385µs,0.000010385,5.88GB/s,6310640346.653828
twox_hash::XxHash3_64,65536,17.582µs,0.000017582,3.47GB/s,3727448526.902514
twox_hash::XxHash3_128,65536,4.515µs,0.000004515,13.52GB/s,14515171650.05537
seahash,65536,18.523µs,0.000018523,3.30GB/s,3538087782.7565727
xxhash::xxh32,65536,15.252µs,0.000015252,4.00GB/s,4296879097.823236
xxhash::xxh64,65536,10.382µs,0.000010382,5.88GB/s,6312463879.791947
xxhash::xxh3_64_with_seed,65536,8.774µs,0.000008774,6.96GB/s,7469341235.46843
xxhash::xxh3_128_with_seed,65536,7.429µs,0.000007429,8.22GB/s,8821644905.10163
xxhash::const_xxh32,65536,33.737µs,0.000033737,1.81GB/s,1942555651.0655956
xxhash::const_xxh64,65536,30.854µs,0.000030854,1.98GB/s,2124068192.13068
xxhash::const_xxh3_64_with_seed,65536,92.551µs,0.000092551,675.30MB/s,708106881.6112198
xxhash::const_xxh3_128_with_seed,65536,94.951µs,0.000094951,658.23MB/s,690208633.9269729
murmur3_32,65536,117.916µs,0.000117916,530.04MB/s,555785474.405509
murmur3_x64_128,65536,34.392µs,0.000034392,1.77GB/s,1905559432.4261456
murmur3_x86_128,65536,55.063µs,0.000055063,1.11GB/s,1190200316.0016708
murmur3_32_of_slice,65536,28.101µs,0.000028101,2.17GB/s,2332158997.9004307
murmur3_x64_128_of_slice,65536,14.404µs,0.000014404,4.24GB/s,4549847264.648708
murmur3_x86_128_of_slice,65536,22.169µs,0.000022169,2.75GB/s,2956200099.237674
fastmurmur3_x64_128,65536,12.713µs,0.000012713,4.80GB/s,5155038149.925273
md5_compute,131072,406.064µs,0.000406064,307.83MB/s,322786555.81386185
Blake2b512,131072,212.246µs,0.000212246,588.94MB/s,617547562.7338089
Blake2s256,131072,338.523µs,0.000338523,369.25MB/s,387187872.02051264
Sha1,131072,305.438µs,0.000305438,409.25MB/s,429128006.3384386
Keccak224,131072,724.464µs,0.000724464,172.54MB/s,180922723.55838248
Keccak256,131072,1.139438ms,0.001139438,109.70MB/s,115032147.42706493
Keccak384,131072,1.487371ms,0.001487371,84.04MB/s,88123272.53926559
Keccak512,131072,2.093137ms,0.002093137,59.72MB/s,62619885.84598141
Keccak256Full,131072,1.114789ms,0.001114789,112.13MB/s,117575612.96352942
Sha3_224,131072,1.076511ms,0.001076511,116.12MB/s,121756303.4655475
Sha3_256,131072,1.13251ms,0.00113251,110.37MB/s,115735843.39211133
Sha3_384,131072,1.568693ms,0.001568693,79.68MB/s,83554908.44926317
Sha3_512,131072,2.304682ms,0.002304682,54.24MB/s,56872054.365851775
Sha224,131072,1.342371ms,0.001342371,93.12MB/s,97642157.04898274
Sha256,131072,1.373553ms,0.001373553,91.00MB/s,95425513.24921572
Sha384,131072,754.568µs,0.000754568,165.66MB/s,173704689.30566895
Sha512,131072,785.546µs,0.000785546,159.12MB/s,166854646.32243052
Sha512_224,131072,742.15µs,0.00074215,168.43MB/s,176611197.19733208
Sha512_256,131072,758.117µs,0.000758117,164.88MB/s,172891519.38289207
sm3,131072,1.195742ms,0.001195742,104.54MB/s,109615619.42291899
crc<u16>,131072,406.873µs,0.000406873,307.22MB/s,322144747.8697284
crc<u32>,131072,382.083µs,0.000382083,327.15MB/s,343045882.70087916
crc<u64>,131072,392.6µs,0.0003926,318.39MB/s,333856342.3331635
crc16,131072,341.038µs,0.000341038,366.53MB/s,384332537.723069
crc32fast,131072,19.91µs,0.00001991,6.13GB/s,6583224510.296333
crc64,131072,113.396µs,0.000113396,1.08GB/s,1155878514.2333064
sha256,131072,1.39097ms,0.00139097,89.87MB/s,94230644.80182894
twox_hash::XxHash32,131072,32.775µs,0.000032775,3.72GB/s,3999145690.3127384
twox_hash::XxHash64,131072,21.167µs,0.000021167,5.77GB/s,6192280436.528559
twox_hash::XxHash3_64,131072,21.098µs,0.000021098,5.79GB/s,6212531993.553891
twox_hash::XxHash3_128,131072,9.515µs,0.000009515,12.83GB/s,13775302154.492907
seahash,131072,37.523µs,0.000037523,3.25GB/s,3493110891.9862485
xxhash::xxh32,131072,36.391µs,0.000036391,3.35GB/s,3601769668.324586
xxhash::xxh64,131072,21.598µs,0.000021598,5.65GB/s,6068710065.746828
xxhash::xxh3_64_with_seed,131072,17.486µs,0.000017486,6.98GB/s,7495825231.613863
xxhash::xxh3_128_with_seed,131072,17.371µs,0.000017371,7.03GB/s,7545449312.071844
xxhash::const_xxh32,131072,89.762µs,0.000089762,1.36GB/s,1460217018.3373811
xxhash::const_xxh64,131072,72.871µs,0.000072871,1.68GB/s,1798685348.0808551
xxhash::const_xxh3_64_with_seed,131072,216.78µs,0.00021678,576.62MB/s,604631423.5630593
xxhash::const_xxh3_128_with_seed,131072,220.046µs,0.000220046,568.06MB/s,595657271.6613799
murmur3_32,131072,342.559µs,0.000342559,364.90MB/s,382626058.5767707
murmur3_x64_128,131072,110.759µs,0.000110759,1.10GB/s,1183398188.860499
murmur3_x86_128,131072,138.933µs,0.000138933,899.71MB/s,943418770.1985849
murmur3_32_of_slice,131072,116.305µs,0.000116305,1.05GB/s,1126967886.161386
murmur3_x64_128_of_slice,131072,49.589µs,0.000049589,2.46GB/s,2643166831.353728
murmur3_x86_128_of_slice,131072,81.206µs,0.000081206,1.50GB/s,1614067926.015319
fastmurmur3_x64_128,131072,42.278µs,0.000042278,2.89GB/s,3100241260.229907
md5_compute,262144,883.707µs,0.000883707,282.90MB/s,296641307.5827169
Blake2b512,262144,681.944µs,0.000681944,366.60MB/s,384406930.7743744
Blake2s256,262144,1.345576ms,0.001345576,185.79MB/s,194819170.37759295
Sha1,262144,1.160019ms,0.001160019,215.51MB/s,225982505.45896232
Keccak224,262144,2.358966ms,0.002358966,105.98MB/s,111126654.64445016
Keccak256,262144,2.013965ms,0.002013965,124.13MB/s,130163135.90355344
Keccak384,262144,2.937753ms,0.002937753,85.10MB/s,89232825.22390412
Keccak512,262144,4.021614ms,0.004021614,62.16MB/s,65183779.44775406
Keccak256Full,262144,2.172486ms,0.002172486,115.08MB/s,120665449.62775365
Sha3_224,262144,2.10289ms,0.00210289,118.88MB/s,124658921.76956475
Sha3_256,262144,2.257126ms,0.002257126,110.76MB/s,116140614.21471375
Sha3_384,262144,2.879971ms,0.002879971,86.81MB/s,91023138.77466127
Sha3_512,262144,3.843049ms,0.003843049,65.05MB/s,68212505.22696953
Sha224,262144,2.103035ms,0.002103035,118.88MB/s,124650326.78961596
Sha256,262144,2.575982ms,0.002575982,97.05MB/s,101764686.24392562
Sha384,262144,1.441883ms,0.001441883,173.38MB/s,181806706.92420954
Sha512,262144,1.459217ms,0.001459217,171.32MB/s,179647029.87972316
Sha512_224,262144,1.381399ms,0.001381399,180.98MB/s,189767040.51472455
Sha512_256,262144,1.299937ms,0.001299937,192.32MB/s,201659003.47478378
sm3,262144,2.205494ms,0.002205494,113.35MB/s,118859538.95136419
crc<u16>,262144,795.811µs,0.000795811,314.14MB/s,329404846.12552476
crc<u32>,262144,732.951µs,0.000732951,341.09MB/s,357655559.5121638
crc<u64>,262144,731.189µs,0.000731189,341.91MB/s,358517428.4624085
crc16,262144,649.465µs,0.000649465,384.93MB/s,403630680.6371398
crc32fast,262144,30.071µs,0.000030071,8.12GB/s,8717501912.141266
crc64,262144,210.667µs,0.000210667,1.16GB/s,1244352461.4676242
sha256,262144,2.405255ms,0.002405255,103.94MB/s,108988028.29637606
twox_hash::XxHash32,262144,48.99µs,0.00004899,4.98GB/s,5350969585.629721
twox_hash::XxHash64,262144,30.532µs,0.000030532,8.00GB/s,8585877112.537665
twox_hash::XxHash3_64,262144,31.496µs,0.000031496,7.75GB/s,8323088646.177293
twox_hash::XxHash3_128,262144,19.577µs,0.000019577,12.47GB/s,13390407110.384636
seahash,262144,57.138µs,0.000057138,4.27GB/s,4587909972.34765
xxhash::xxh32,262144,51.967µs,0.000051967,4.70GB/s,5044432043.412166
xxhash::xxh64,262144,27.695µs,0.000027695,8.82GB/s,9465390864.777035
xxhash::xxh3_64_with_seed,262144,27.483µs,0.000027483,8.88GB/s,9538405559.800604
xxhash::xxh3_128_with_seed,262144,30.505µs,0.000030505,8.00GB/s,8593476479.265694
xxhash::const_xxh32,262144,133.393µs,0.000133393,1.83GB/s,1965200572.7436972
xxhash::const_xxh64,262144,129.378µs,0.000129378,1.89GB/s,2026186832.3826308
xxhash::const_xxh3_64_with_seed,262144,369.1µs,0.0003691,677.32MB/s,710224871.3085885
xxhash::const_xxh3_128_with_seed,262144,349.34µs,0.00034934,715.64MB/s,750397893.1699777
murmur3_32,262144,590.638µs,0.000590638,423.27MB/s,443831924.1227283
murmur3_x64_128,262144,167.501µs,0.000167501,1.46GB/s,1565029462.5106716
murmur3_x86_128,262144,241.274µs,0.000241274,1.01GB/s,1086499166.9222543
murmur3_32_of_slice,262144,180.701µs,0.000180701,1.35GB/s,1450705862.1701043
murmur3_x64_128_of_slice,262144,81.114µs,0.000081114,3.01GB/s,3231797223.660527
murmur3_x86_128_of_slice,262144,131.597µs,0.000131597,1.86GB/s,1992021094.7058063
fastmurmur3_x64_128,262144,70.636µs,0.000070636,3.46GB/s,3711195424.4294696
md5_compute,524288,1.794324ms,0.001794324,278.66MB/s,292192491.4341
Blake2b512,524288,1.465278ms,0.001465278,341.23MB/s,357807869.90591544
Blake2s256,524288,2.22392ms,0.00222392,224.83MB/s,235749487.3916328
Sha1,524288,2.064565ms,0.002064565,242.18MB/s,253945988.6223006
Keccak224,524288,3.818407ms,0.003818407,130.94MB/s,137305426.05856317
Keccak256,524288,4.283616ms,0.004283616,116.72MB/s,122393790.66657703
Keccak384,524288,5.30364ms,0.00530364,94.27MB/s,98854371.71452059
Keccak512,524288,7.957279ms,0.007957279,62.84MB/s,65887849.35151827
Keccak256Full,524288,3.326065ms,0.003326065,150.33MB/s,157630112.4602195
Sha3_224,524288,3.701511ms,0.003701511,135.08MB/s,141641616.0859714
Sha3_256,524288,4.255095ms,0.004255095,117.51MB/s,123214170.30642089
Sha3_384,524288,5.846276ms,0.005846276,85.52MB/s,89678968.28682053
Sha3_512,524288,8.008355ms,0.008008355,62.43MB/s,65467627.24679413
Sha224,524288,4.381708ms,0.004381708,114.11MB/s,119653797.1037778
Sha256,524288,4.715407ms,0.004715407,106.04MB/s,111186160.60077104
Sha384,524288,2.306768ms,0.002306768,216.75MB/s,227282500.8843542
Sha512,524288,2.904038ms,0.002904038,172.17MB/s,180537582.49719873
Sha512_224,524288,2.891185ms,0.002891185,172.94MB/s,181340177.1246046
Sha512_256,524288,2.732833ms,0.002732833,182.96MB/s,191847800.43273774
sm3,524288,4.420514ms,0.004420514,113.11MB/s,118603402.22879058
crc<u16>,524288,1.495299ms,0.001495299,334.38MB/s,350624189.54336226
crc<u32>,524288,1.392247ms,0.001392247,359.13MB/s,376576857.4110772
crc<u64>,524288,1.394899ms,0.001394899,358.45MB/s,375860904.62463593
crc16,524288,1.214066ms,0.001214066,411.84MB/s,431844726.7282009
crc32fast,524288,69.978µs,0.000069978,6.98GB/s,7492183257.595244
crc64,524288,397.478µs,0.000397478,1.23GB/s,1319036525.291966
sha256,524288,4.985566ms,0.004985566,100.29MB/s,105161179.29238124
twox_hash::XxHash32,524288,87.998µs,0.000087998,5.55GB/s,5957953589.854315
twox_hash::XxHash64,524288,46.638µs,0.000046638,10.47GB/s,11241648441.185299
twox_hash::XxHash3_64,524288,44.88µs,0.00004488,10.88GB/s,11681996434.93761
twox_hash::XxHash3_128,524288,31.342µs,0.000031342,15.58GB/s,16727968859.67711
seahash,524288,78.002µs,0.000078002,6.26GB/s,6721468680.290249
xxhash::xxh32,524288,94.714µs,0.000094714,5.16GB/s,5535485778.237641
xxhash::xxh64,524288,49.004µs,0.000049004,9.96GB/s,10698881723.940903
xxhash::xxh3_64_with_seed,524288,38.13µs,0.00003813,12.81GB/s,13750013113.034357
xxhash::xxh3_128_with_seed,524288,37.828µs,0.000037828,12.91GB/s,13859786401.607275
xxhash::const_xxh32,524288,164.552µs,0.000164552,2.97GB/s,3186153920.949001
xxhash::const_xxh64,524288,276.347µs,0.000276347,1.77GB/s,1897208943.8278687
xxhash::const_xxh3_64_with_seed,524288,866.067µs,0.000866067,577.32MB/s,605366559.4001387
xxhash::const_xxh3_128_with_seed,524288,831.877µs,0.000831877,601.05MB/s,630247019.6916131
murmur3_32,524288,1.246556ms,0.001246556,401.11MB/s,420589207.3841849
murmur3_x64_128,524288,373.637µs,0.000373637,1.31GB/s,1403201503.0631335
murmur3_x86_128,524288,442.758µs,0.000442758,1.10GB/s,1184141223.8739898
murmur3_32_of_slice,524288,373.002µs,0.000373002,1.31GB/s,1405590318.5505707
murmur3_x64_128_of_slice,524288,114.19µs,0.00011419,4.28GB/s,4591365268.412295
murmur3_x86_128_of_slice,524288,258.693µs,0.000258693,1.89GB/s,2026680273.5288546
fastmurmur3_x64_128,524288,164.786µs,0.000164786,2.96GB/s,3181629507.361062
md5_compute,1048576,3.602665ms,0.003602665,277.57MB/s,291055649.081999
Blake2b512,1048576,2.632327ms,0.002632327,379.89MB/s,398345646.26659226
Blake2s256,1048576,3.099752ms,0.003099752,322.61MB/s,338277384.77142686
Sha1,1048576,2.167376ms,0.002167376,461.39MB/s,483799765.2460856
Keccak224,1048576,6.9442ms,0.0069442,144.01MB/s,151000259.20912415
Keccak256,1048576,8.398009ms,0.008398009,119.08MB/s,124860071.00016207
Keccak384,1048576,9.16258ms,0.00916258,109.14MB/s,114441129.02697712
Keccak512,1048576,8.348959ms,0.008348959,119.78MB/s,125593621.91142632
Keccak256Full,1048576,4.403477ms,0.004403477,227.09MB/s,238124554.75525364
Sha3_224,1048576,4.283903ms,0.004283903,233.43MB/s,244771181.79379877
Sha3_256,1048576,4.47254ms,0.00447254,223.59MB/s,234447539.87666965
Sha3_384,1048576,5.864419ms,0.005864419,170.52MB/s,178803049.3728364
Sha3_512,1048576,9.817475ms,0.009817475,101.86MB/s,106807096.52940293
Sha224,1048576,6.08051ms,0.00608051,164.46MB/s,172448692.62611195
Sha256,1048576,5.921707ms,0.005921707,168.87MB/s,177073266.20516685
Sha384,1048576,2.66318ms,0.00266318,375.49MB/s,393730803.02495515
Sha512,1048576,3.196612ms,0.003196612,312.83MB/s,328027298.90271324
Sha512_224,1048576,4.067718ms,0.004067718,245.84MB/s,257779914.93018937
Sha512_256,1048576,2.668813ms,0.002668813,374.70MB/s,392899764.80180514
sm3,1048576,4.288183ms,0.004288183,233.20MB/s,244526877.7008817
crc<u16>,1048576,2.577661ms,0.002577661,387.95MB/s,406793600.86528057
crc<u32>,1048576,2.520667ms,0.002520667,396.72MB/s,415991481.6197459
crc<u64>,1048576,2.509584ms,0.002509584,398.47MB/s,417828612.23214686
crc16,1048576,2.2175ms,0.0022175,450.96MB/s,472864036.0766629
crc32fast,1048576,81.117µs,0.000081117,12.04GB/s,12926710800.448734
crc64,1048576,655.421µs,0.000655421,1.49GB/s,1599851088.079265
sha256,1048576,5.200837ms,0.005200837,192.28MB/s,201616778.22242844
twox_hash::XxHash32,1048576,164.932µs,0.000164932,5.92GB/s,6357626173.210778
twox_hash::XxHash64,1048576,84.578µs,0.000084578,11.55GB/s,12397739364.846651
twox_hash::XxHash3_64,1048576,63.812µs,0.000063812,15.30GB/s,16432269792.515514
twox_hash::XxHash3_128,1048576,55.863µs,0.000055863,17.48GB/s,18770492096.73666
seahash,1048576,152.251µs,0.000152251,6.41GB/s,6887153450.552049
xxhash::xxh32,1048576,169.495µs,0.000169495,5.76GB/s,6186471577.3326645
xxhash::xxh64,1048576,84.332µs,0.000084332,11.58GB/s,12433904093.34535
xxhash::xxh3_64_with_seed,1048576,64.544µs,0.000064544,15.13GB/s,16245909766.980665
xxhash::xxh3_128_with_seed,1048576,64.215µs,0.000064215,15.21GB/s,16329144280.931246
xxhash::const_xxh32,1048576,289.491µs,0.000289491,3.37GB/s,3622136784.9086847
xxhash::const_xxh64,1048576,265.73µs,0.00026573,3.68GB/s,3946020396.6432095
xxhash::const_xxh3_64_with_seed,1048576,847.315µs,0.000847315,1.15GB/s,1237527955.9549873
xxhash::const_xxh3_128_with_seed,1048576,855.546µs,0.000855546,1.14GB/s,1225622000.4535115
murmur3_32,1048576,1.299593ms,0.001299593,769.47MB/s,806849529.0448625
murmur3_x64_128,1048576,473.995µs,0.000473995,2.06GB/s,2212208989.5463033
murmur3_x86_128,1048576,562.603µs,0.000562603,1.74GB/s,1863793829.7520633
murmur3_32_of_slice,1048576,406.132µs,0.000406132,2.40GB/s,2581860084.8985057
murmur3_x64_128_of_slice,1048576,214.51µs,0.00021451,4.55GB/s,4888238310.568272
murmur3_x86_128_of_slice,1048576,317.155µs,0.000317155,3.08GB/s,3306194132.20665
fastmurmur3_x64_128,1048576,180.931µs,0.000180931,5.40GB/s,5795446883.06592
md5_compute,2097152,5.328498ms,0.005328498,375.34MB/s,393572822.96061665
Blake2b512,2097152,2.874065ms,0.002874065,695.88MB/s,729681479.0201335
Blake2s256,2097152,4.4363ms,0.0044363,450.83MB/s,472725469.42271715
Sha1,2097152,3.835498ms,0.003835498,521.44MB/s,546774369.3257042
Keccak224,2097152,7.372883ms,0.007372883,271.26MB/s,284441242.31999886
Keccak256,2097152,8.058578ms,0.008058578,248.18MB/s,260238468.87130708
Keccak384,2097152,10.399796ms,0.010399796,192.31MB/s,201653186.27403846
Keccak512,2097152,15.212466ms,0.015212466,131.47MB/s,137857465.055304
Keccak256Full,2097152,8.072001ms,0.008072001,247.77MB/s,259805716.07956937
Sha3_224,2097152,8.006942ms,0.008006942,249.78MB/s,261916721.7646887
Sha3_256,2097152,8.221312ms,0.008221312,243.27MB/s,255087265.87678462
Sha3_384,2097152,11.041869ms,0.011041869,181.13MB/s,189927266.84223476
Sha3_512,2097152,15.238083ms,0.015238083,131.25MB/s,137625710.53064877
Sha224,2097152,10.44984ms,0.01044984,191.39MB/s,200687474.64076006
Sha256,2097152,10.908158ms,0.010908158,183.35MB/s,192255374.3720984
Sha384,2097152,5.912921ms,0.005912921,338.24MB/s,354672758.1849986
Sha512,2097152,5.627566ms,0.005627566,355.39MB/s,372657024.3689723
Sha512_224,2097152,5.60948ms,0.00560948,356.54MB/s,373858539.47246444
Sha512_256,2097152,5.750978ms,0.005750978,347.77MB/s,364660063.03623486
sm3,2097152,9.210063ms,0.009210063,217.15MB/s,227702242.64481145
crc<u16>,2097152,5.655487ms,0.005655487,353.64MB/s,370817225.81981003
crc<u32>,2097152,5.347356ms,0.005347356,374.02MB/s,392184847.98842645
crc<u64>,2097152,5.324484ms,0.005324484,375.62MB/s,393869528.0143578
crc16,2097152,4.736781ms,0.004736781,422.23MB/s,442737800.20651156
crc32fast,2097152,166.167µs,0.000166167,11.75GB/s,12620749005.518545
crc64,2097152,1.369822ms,0.001369822,1.43GB/s,1530966797.1459064
sha256,2097152,10.797249ms,0.010797249,185.23MB/s,194230215.4928538
twox_hash::XxHash32,2097152,314.555µs,0.000314555,6.21GB/s,6667043919.187424
twox_hash::XxHash64,2097152,164.309µs,0.000164309,11.89GB/s,12763463961.195065
twox_hash::XxHash3_64,2097152,136.706µs,0.000136706,14.29GB/s,15340599534.768042
twox_hash::XxHash3_128,2097152,121.124µs,0.000121124,16.13GB/s,17314091344.407383
seahash,2097152,279.223µs,0.000279223,6.99GB/s,7510670682.572711
xxhash::xxh32,2097152,325.525µs,0.000325525,6.00GB/s,6442368481.6834345
xxhash::xxh64,2097152,152.496µs,0.000152496,12.81GB/s,13752177106.284756
xxhash::xxh3_64_with_seed,2097152,114.398µs,0.000114398,17.07GB/s,18332068742.460533
xxhash::xxh3_128_with_seed,2097152,112.263µs,0.000112263,17.40GB/s,18680705129.91814
xxhash::const_xxh32,2097152,527.13µs,0.00052713,3.71GB/s,3978434162.3508434
xxhash::const_xxh64,2097152,470.184µs,0.000470184,4.15GB/s,4460279379.98741
xxhash::const_xxh3_64_with_seed,2097152,1.530379ms,0.001530379,1.28GB/s,1370348129.4502864
xxhash::const_xxh3_128_with_seed,2097152,1.512752ms,0.001512752,1.29GB/s,1386315800.6071055
murmur3_32,2097152,2.26252ms,0.00226252,883.97MB/s,926909817.3717802
murmur3_x64_128,2097152,821.733µs,0.000821733,2.38GB/s,2552108774.99139
murmur3_x86_128,2097152,997.878µs,0.000997878,1.96GB/s,2101611619.8573372
murmur3_32_of_slice,2097152,727.787µs,0.000727787,2.68GB/s,2881546386.511438
murmur3_x64_128_of_slice,2097152,396.929µs,0.000396929,4.92GB/s,5283443638.534851
murmur3_x86_128_of_slice,2097152,588.525µs,0.000588525,3.32GB/s,3563403423.8137717
fastmurmur3_x64_128,2097152,320.737µs,0.000320737,6.09GB/s,6538540922.936861
md5_compute,4194304,9.976393ms,0.009976393,400.95MB/s,420422892.3219043
Blake2b512,4194304,5.904137ms,0.005904137,677.49MB/s,710400859.6006495
Blake2s256,4194304,9.314585ms,0.009314585,429.43MB/s,450294242.84603125
Sha1,4194304,8.361719ms,0.008361719,478.37MB/s,501607863.16784865
Keccak224,4194304,15.076615ms,0.015076615,265.31MB/s,278199317.2870701
Keccak256,4194304,15.602713ms,0.015602713,256.37MB/s,268818890.66343784
Keccak384,4194304,21.261369ms,0.021261369,188.13MB/s,197273468.1383875
Keccak512,4194304,32.649964ms,0.032649964,122.51MB/s,128462745.0125213
Keccak256Full,4194304,17.201368ms,0.017201368,232.54MB/s,243835490.2935627
Sha3_224,4194304,16.44571ms,0.01644571,243.22MB/s,255039399.3327135
Sha3_256,4194304,16.93288ms,0.01693288,236.23MB/s,247701749.49565578
Sha3_384,4194304,21.498528ms,0.021498528,186.06MB/s,195097264.33363253
Sha3_512,4194304,34.384024ms,0.034384024,116.33MB/s,121984093.54297799
Sha224,4194304,22.109617ms,0.022109617,180.92MB/s,189704959.61101452
Sha256,4194304,20.512141ms,0.020512141,195.01MB/s,204479093.6255752
Sha384,4194304,11.499154ms,0.011499154,347.85MB/s,364748919.7900993
Sha512,4194304,12.488808ms,0.012488808,320.29MB/s,335845022.1990762
Sha512_224,4194304,13.137238ms,0.013137238,304.48MB/s,319268327.1780568
Sha512_256,4194304,11.65838ms,0.01165838,343.10MB/s,359767309.0086273
sm3,4194304,17.213318ms,0.017213318,232.38MB/s,243666212.40599865
crc<u16>,4194304,10.383558ms,0.010383558,385.22MB/s,403937070.5108981
crc<u32>,4194304,9.938991ms,0.009938991,402.46MB/s,422005010.3677526
crc<u64>,4194304,10.612849ms,0.010612849,376.90MB/s,395209994.9787281
crc16,4194304,9.357544ms,0.009357544,427.46MB/s,448227013.4129212
crc32fast,4194304,338.75µs,0.00033875,11.53GB/s,12381709225.09225
crc64,4194304,2.706814ms,0.002706814,1.44GB/s,1549535357.804415
sha256,4194304,20.30071ms,0.02030071,197.04MB/s,206608734.374315
twox_hash::XxHash32,4194304,623.559µs,0.000623559,6.26GB/s,6726394775.7950735
twox_hash::XxHash64,4194304,301.983µs,0.000301983,12.94GB/s,13889205683.763655
twox_hash::XxHash3_64,4194304,202.402µs,0.000202402,19.30GB/s,20722641080.621735
twox_hash::XxHash3_128,4194304,193.953µs,0.000193953,20.14GB/s,21625362845.63786
seahash,4194304,556.312µs,0.000556312,7.02GB/s,7539481442.06848
xxhash::xxh32,4194304,621.877µs,0.000621877,6.28GB/s,6744587756.099679
xxhash::xxh64,4194304,311.679µs,0.000311679,12.53GB/s,13457127365.013363
xxhash::xxh3_64_with_seed,4194304,220.059µs,0.000220059,17.75GB/s,19059906661.39535
xxhash::xxh3_128_with_seed,4194304,250.495µs,0.000250495,15.59GB/s,16744062755.743628
xxhash::const_xxh32,4194304,1.877464ms,0.001877464,2.08GB/s,2234026324.8722744
xxhash::const_xxh64,4194304,1.80411ms,0.00180411,2.17GB/s,2324860457.5109057
xxhash::const_xxh3_64_with_seed,4194304,5.046284ms,0.005046284,792.66MB/s,831166854.6597853
xxhash::const_xxh3_128_with_seed,4194304,4.838511ms,0.004838511,826.70MB/s,866858419.8733866
murmur3_32,4194304,4.801649ms,0.004801649,833.05MB/s,873513245.1372435
murmur3_x64_128,4194304,1.720286ms,0.001720286,2.27GB/s,2438143424.9886355
murmur3_x86_128,4194304,2.058153ms,0.002058153,1.90GB/s,2037897085.3964696
murmur3_32_of_slice,4194304,1.566996ms,0.001566996,2.49GB/s,2676652652.5913277
murmur3_x64_128_of_slice,4194304,738.629µs,0.000738629,5.29GB/s,5678498948.727982
murmur3_x86_128_of_slice,4194304,1.164955ms,0.001164955,3.35GB/s,3600400015.4512405
fastmurmur3_x64_128,4194304,653.398µs,0.000653398,5.98GB/s,6419217689.677654
md5_compute,8388608,19.410466ms,0.019410466,412.15MB/s,432169325.55869603
Blake2b512,8388608,11.898644ms,0.011898644,672.35MB/s,705005377.0833046
Blake2s256,8388608,18.994266ms,0.018994266,421.18MB/s,441638966.2016948
Sha1,8388608,21.857299ms,0.021857299,366.01MB/s,383789781.16189015
Keccak224,8388608,31.297829ms,0.031297829,255.61MB/s,268025235.87179163
Keccak256,8388608,33.075166ms,0.033075166,241.87MB/s,253622551.7356436
Keccak384,8388608,43.969954ms,0.043969954,181.94MB/s,190780458.8560634
Keccak512,8388608,66.358547ms,0.066358547,120.56MB/s,126413376.7124226
Keccak256Full,8388608,34.091864ms,0.034091864,234.66MB/s,246058942.39165097
Sha3_224,8388608,30.071208ms,0.030071208,266.04MB/s,278958131.64539313
Sha3_256,8388608,35.116206ms,0.035116206,227.82MB/s,238881387.12934992
Sha3_384,8388608,43.670332ms,0.043670332,183.19MB/s,192089402.938361
Sha3_512,8388608,60.929785ms,0.060929785,131.30MB/s,137676638.773631
Sha224,8388608,60.965949ms,0.060965949,131.22MB/s,137594971.25190327
Sha256,8388608,67.712136ms,0.067712136,118.15MB/s,123886329.62339278
Sha384,8388608,21.849532ms,0.021849532,366.14MB/s,383926209.4950134
Sha512,8388608,22.2133ms,0.0222133,360.14MB/s,377638982.0512936
Sha512_224,8388608,24.992577ms,0.024992577,320.10MB/s,335643979.41036654
Sha512_256,8388608,23.703732ms,0.023703732,337.50MB/s,353893977.5390643
sm3,8388608,39.017383ms,0.039017383,205.04MB/s,214996684.9391206
crc<u16>,8388608,22.672074ms,0.022672074,352.86MB/s,369997380.91892254
crc<u32>,8388608,21.994129ms,0.021994129,363.73MB/s,381402145.9999621
crc<u64>,8388608,20.400618ms,0.020400618,392.14MB/s,411193817.7559131
crc16,8388608,18.020271ms,0.018020271,443.94MB/s,465509536.4548069
crc32fast,8388608,1.183707ms,0.001183707,6.60GB/s,7086726698.414388
crc64,8388608,5.65562ms,0.00565562,1.38GB/s,1483234022.087764
sha256,8388608,45.296493ms,0.045296493,176.61MB/s,185193321.69932008
twox_hash::XxHash32,8388608,1.385281ms,0.001385281,5.64GB/s,6055528084.193748
twox_hash::XxHash64,8388608,714.846µs,0.000714846,10.93GB/s,11734846386.494434
twox_hash::XxHash3_64,8388608,483.821µs,0.000483821,16.15GB/s,17338246996.306484
twox_hash::XxHash3_128,8388608,499.433µs,0.000499433,15.64GB/s,16796262962.199133
seahash,8388608,1.277881ms,0.001277881,6.11GB/s,6564467270.426589
xxhash::xxh32,8388608,1.616681ms,0.001616681,4.83GB/s,5188783687.072465
xxhash::xxh64,8388608,1.083732ms,0.001083732,7.21GB/s,7740481964.175645
xxhash::xxh3_64_with_seed,8388608,878.031µs,0.000878031,8.90GB/s,9553885910.634134
xxhash::xxh3_128_with_seed,8388608,805.552µs,0.000805552,9.70GB/s,10413490376.78511
xxhash::const_xxh32,8388608,2.719322ms,0.002719322,2.87GB/s,3084815994.5751185
xxhash::const_xxh64,8388608,2.50281ms,0.00250281,3.12GB/s,3351675916.2701125
xxhash::const_xxh3_64_with_seed,8388608,7.585543ms,0.007585543,1.03GB/s,1105867833.0608633
xxhash::const_xxh3_128_with_seed,8388608,7.973325ms,0.007973325,1003.35MB/s,1052084042.7299777
murmur3_32,8388608,9.976834ms,0.009976834,801.86MB/s,840808617.2427044
murmur3_x64_128,8388608,5.283185ms,0.005283185,1.48GB/s,1587793726.7008443
murmur3_x86_128,8388608,7.656304ms,0.007656304,1.02GB/s,1095647194.7822344
murmur3_32_of_slice,8388608,6.577162ms,0.006577162,1.19GB/s,1275414532.8942788
murmur3_x64_128_of_slice,8388608,2.878349ms,0.002878349,2.71GB/s,2914381820.967506
murmur3_x86_128_of_slice,8388608,3.463183ms,0.003463183,2.26GB/s,2422224872.321214
fastmurmur3_x64_128,8388608,1.958117ms,0.001958117,3.99GB/s,4284017757.876572
md5_compute,16777216,41.261164ms,0.041261164,387.77MB/s,406610341.8701421
Blake2b512,16777216,26.873047ms,0.026873047,595.39MB/s,624313871.0694027
Blake2s256,16777216,43.38934ms,0.04338934,368.75MB/s,386666771.14701444
Sha1,16777216,34.788897ms,0.034788897,459.92MB/s,482257773.22000176
Keccak224,16777216,68.402347ms,0.068402347,233.91MB/s,245272519.66953707
Keccak256,16777216,106.381301ms,0.106381301,150.40MB/s,157708317.55479282
Keccak384,16777216,103.064089ms,0.103064089,155.24MB/s,162784304.04599997
Keccak512,16777216,135.828611ms,0.135828611,117.80MB/s,123517540.79263905
Keccak256Full,16777216,74.927642ms,0.074927642,213.54MB/s,223912237.88945606
Sha3_224,16777216,77.747442ms,0.077747442,205.79MB/s,215791228.21815798
Sha3_256,16777216,87.966516ms,0.087966516,181.89MB/s,190722751.82525134
Sha3_384,16777216,96.626474ms,0.096626474,165.59MB/s,173629599.68921146
Sha3_512,16777216,129.129633ms,0.129129633,123.91MB/s,129925375.06863356
Sha224,16777216,84.708807ms,0.084708807,188.88MB/s,198057517.20715415
Sha256,16777216,98.373799ms,0.098373799,162.64MB/s,170545573.82703093
Sha384,16777216,48.347291ms,0.048347291,330.94MB/s,347014603.1553247
Sha512,16777216,63.577768ms,0.063577768,251.66MB/s,263884947.95853797
Sha512_224,16777216,47.994498ms,0.047994498,333.37MB/s,349565402.26756823
Sha512_256,16777216,48.8687ms,0.0488687,327.41MB/s,343312099.5647521
sm3,16777216,128.634652ms,0.128634652,124.38MB/s,130425322.71941778
crc<u16>,16777216,47.454799ms,0.047454799,337.16MB/s,353540976.9620982
crc<u32>,16777216,43.733476ms,0.043733476,365.85MB/s,383624114.39694387
crc<u64>,16777216,43.170917ms,0.043170917,370.62MB/s,388623109.3956146
crc16,16777216,37.87777ms,0.03787777,422.41MB/s,442930404.8258385
crc32fast,16777216,2.525997ms,0.002525997,6.19GB/s,6641819447.924918
crc64,16777216,11.295539ms,0.011295539,1.38GB/s,1485295743.7444994
sha256,16777216,94.387908ms,0.094387908,169.51MB/s,177747514.01418918
twox_hash::XxHash32,16777216,3.291251ms,0.003291251,4.75GB/s,5097519453.849008
twox_hash::XxHash64,16777216,2.734427ms,0.002734427,5.71GB/s,6135550885.066597
twox_hash::XxHash3_64,16777216,3.422553ms,0.003422553,4.57GB/s,4901959443.725196
twox_hash::XxHash3_128,16777216,2.036244ms,0.002036244,7.67GB/s,8239295487.1813
seahash,16777216,3.656285ms,0.003656285,4.27GB/s,4588596348.479399
xxhash::xxh32,16777216,3.40494ms,0.00340494,4.59GB/s,4927316193.530576
xxhash::xxh64,16777216,2.605807ms,0.002605807,6.00GB/s,6438395475.950444
xxhash::xxh3_64_with_seed,16777216,2.003647ms,0.002003647,7.80GB/s,8373339215.9397335
xxhash::xxh3_128_with_seed,16777216,2.176308ms,0.002176308,7.18GB/s,7709026479.707835
xxhash::const_xxh32,16777216,8.985902ms,0.008985902,1.74GB/s,1867059756.494117
xxhash::const_xxh64,16777216,8.67446ms,0.00867446,1.80GB/s,1934093419.0716195
xxhash::const_xxh3_64_with_seed,16777216,22.009659ms,0.022009659,726.95MB/s,762266057.824885
xxhash::const_xxh3_128_with_seed,16777216,13.67714ms,0.01367714,1.14GB/s,1226661129.4466534
murmur3_32,16777216,21.076638ms,0.021076638,759.13MB/s,796010065.7419841
murmur3_x64_128,16777216,7.679168ms,0.007679168,2.03GB/s,2184770016.751815
murmur3_x86_128,16777216,9.024678ms,0.009024678,1.73GB/s,1859037629.9298434
murmur3_32_of_slice,16777216,7.129242ms,0.007129242,2.19GB/s,2353295904.3892746
murmur3_x64_128_of_slice,16777216,3.862076ms,0.003862076,4.05GB/s,4344092658.974086
murmur3_x86_128_of_slice,16777216,5.877343ms,0.005877343,2.66GB/s,2854557918.433551
fastmurmur3_x64_128,16777216,4.651458ms,0.004651458,3.36GB/s,3606872511.801676
